Date,Price,Open,High,Low,Vol.,Change %
2018-09-10,62000,62000,62600,61100,1.51M,0.00%
2018-09-11,63000,61500,63100,61500,1.54M,1.61%
2018-09-12,62600,63200,63600,62500,1.59M,-0.63%
2018-09-13,62900,62800,63400,62600,1.07M,0.48%
2018-09-14,64000,63200,64400,63200,2.41M,1.75%
2018-09-17,62900,64000,64000,62900,1.01M,-1.72%
2018-09-18,63300,62500,63300,62300,1.08M,0.64%
2018-09-19,63300,63700,63700,63100,1.08M,0.00%
2018-09-20,64400,63300,64600,63300,1.71M,1.74%
2018-09-21,64600,65000,65700,64000,4.89M,0.31%
2018-09-24,64372,64668,64866,63977,1.09M,-0.35%
2018-09-25,63582,63977,64372,63582,1.03M,-1.23%
2018-09-26,62990,63582,64076,62990,2.10M,-0.93%
2018-09-27,62595,62990,63385,62397,2.12M,-0.63%
2018-09-28,62200,62891,63187,62200,2.10M,-0.63%
2018-10-01,61706,62694,62694,61706,1.93M,-0.79%
2018-10-02,62200,61706,62299,61410,1.60M,0.80%
2018-10-03,62200,62595,62694,61706,1.03M,0.00%
2018-10-04,62200,62200,63187,62003,2.30M,0.00%
2018-10-05,62100,62500,63000,62100,1.63M,-0.16%
2018-10-08,61600,62000,62400,61600,1.35M,-0.81%
2018-10-09,61700,61800,62200,61600,868.06K,0.16%
2018-10-10,61700,61900,62000,61400,781.33K,0.00%
2018-10-11,57700,60000,60000,57500,3.43M,-6.48%
2018-10-12,59900,57000,59900,57000,2.27M,3.81%
2018-10-15,59100,59800,60000,58700,1.16M,-1.34%
2018-10-16,59200,59000,59600,58900,1.08M,0.17%
2018-10-17,59200,59900,59900,59100,1.29M,0.00%
2018-10-18,58000,59000,59200,57900,1.61M,-2.03%
2018-10-19,57700,57000,58600,57000,1.19M,-0.52%
2018-10-22,57100,58500,58800,57100,1.20M,-1.04%
2018-10-23,55800,57000,57300,54000,2.35M,-2.28%
2018-10-24,55500,55800,56600,55500,1.47M,-0.54%
2018-10-25,54800,53000,55200,53000,1.74M,-1.26%
2018-10-26,53500,55900,55900,53500,1.22M,-2.37%
2018-10-29,52900,53300,53900,52500,1.26M,-1.12%
2018-10-30,54200,52900,54300,52700,1.34M,2.46%
2018-10-31,55600,54200,56700,54200,1.25M,2.58%
2018-11-01,55000,55800,55900,54800,1.22M,-1.08%
2018-11-02,56200,55000,56300,55000,1.14M,2.18%
2018-11-05,56500,55900,56500,55600,873.02K,0.53%
2018-11-06,55800,57000,57000,55800,667.71K,-1.24%
2018-11-07,55500,55800,56200,55100,668.29K,-0.54%
2018-11-08,55700,56700,56800,55700,575.72K,0.36%
2018-11-09,54300,55200,55700,54300,885.69K,-2.51%
2018-11-12,54600,54000,54600,52800,687.98K,0.55%
2018-11-13,53600,53300,54300,53300,601.52K,-1.83%
2018-11-14,53200,53600,54300,52800,530.12K,-0.75%
2018-11-15,53400,53200,53600,52500,828.51K,0.38%
2018-11-16,53200,54000,54100,53100,1.23M,-0.37%
2018-11-19,54000,54000,54000,53200,1.15M,1.50%
2018-11-20,53800,54000,54000,53300,1.09M,-0.37%
2018-11-21,55400,53100,55400,53000,1.91M,2.97%
2018-11-22,54800,55000,55500,54700,961.12K,-1.08%
2018-11-23,54000,54700,55000,54000,897.05K,-1.46%
2018-11-26,54000,54000,54300,53700,673.90K,0.00%
2018-11-27,53400,54400,54700,53200,1.28M,-1.11%
2018-11-28,55100,53400,55100,53400,1.48M,3.18%
2018-11-29,55000,55600,56400,55000,2.36M,-0.18%
2018-11-30,55400,54900,56000,54800,1.43M,0.73%
2018-12-03,58000,56700,58000,56200,2.23M,4.69%
2018-12-04,57600,57800,58300,57100,1.37M,-0.69%
2018-12-05,57800,57000,58200,56500,2.01M,0.35%
2018-12-06,56900,57400,58000,56700,2.26M,-1.56%
2018-12-07,57200,57400,57700,57100,835.39K,0.53%
2018-12-10,56900,57200,57400,56600,1.05M,-0.52%
2018-12-11,56800,56900,57200,56200,1.12M,-0.18%
2018-12-12,58000,57300,58000,56800,1.47M,2.11%
2018-12-13,57600,58300,58400,57600,851.90K,-0.69%
2018-12-14,56500,57500,57600,56500,880.58K,-1.91%
2018-12-17,54800,56000,56400,54800,1.79M,-3.01%
2018-12-18,55100,54100,55500,54100,1.46M,0.55%
2018-12-19,54400,55100,55400,54100,1.13M,-1.27%
2018-12-20,54600,54300,55200,54300,877.26K,0.37%
2018-12-21,54500,54500,54500,53800,1.69M,-0.18%
2018-12-24,53100,54500,54900,53100,864.16K,-2.57%
2018-12-25,52700,52000,53000,51000,1.96M,-0.75%
2018-12-26,52800,52600,53500,52600,782.18K,0.19%
2018-12-27,53500,54000,54300,53500,571.77K,1.33%
2018-12-28,53500,53800,54500,53300,781.69K,0.00%
2019-01-02,53600,53900,54300,53500,1.08M,0.19%
2019-01-03,53600,54000,54100,52700,1.07M,0.00%
2019-01-04,54400,53300,54400,52600,1.31M,1.49%
2019-01-07,54600,55300,55500,54500,1.18M,0.37%
2019-01-08,55000,55000,55200,54500,1.32M,0.73%
2019-01-09,55800,55500,56100,54800,1.14M,1.45%
2019-01-10,55000,55800,55800,55000,794.87K,-1.43%
2019-01-11,55200,55200,55500,54900,1.12M,0.36%
2019-01-14,55300,55200,55500,54900,759.98K,0.18%
2019-01-15,55900,55300,56100,55200,1.07M,1.08%
2019-01-16,55400,56300,56300,55000,706.16K,-0.89%
2019-01-17,55200,55300,55700,55100,460.06K,-0.36%
2019-01-18,54800,55200,55400,54800,542.40K,-0.72%
2019-01-21,55800,54600,56200,54500,870.53K,1.82%
2019-01-22,55200,56000,56000,55200,398.34K,-1.08%
2019-01-23,55400,54900,55500,54900,514.72K,0.36%
2019-01-24,55400,55400,55600,55000,463.87K,0.00%
2019-01-25,55800,55500,56100,55400,1.01M,0.72%
2019-01-28,55500,56000,56000,55500,336.99K,-0.54%
2019-01-29,56700,55500,56700,55200,973.05K,2.16%
2019-01-30,56700,56700,57200,56700,1.15M,0.00%
2019-01-31,56800,56800,57400,56800,1.15M,0.18%
2019-02-01,56500,57000,57400,56500,827.04K,-0.53%
2019-02-11,58100,57000,58200,56800,1.40M,2.83%
2019-02-12,58600,58100,59000,57800,1.68M,0.86%
2019-02-13,59800,58600,59900,58600,1.85M,2.05%
2019-02-14,60200,59800,60300,59600,1.63M,0.67%
2019-02-15,59300,60000,60000,59200,1.25M,-1.50%
2019-02-18,60000,59500,60000,59500,1.03M,1.18%
2019-02-19,59000,60000,60200,59000,1.30M,-1.67%
2019-02-20,59100,59300,59600,58900,818.48K,0.17%
2019-02-21,60100,59500,60100,59100,2.04M,1.69%
2019-02-22,62000,60200,62400,60000,2.50M,3.16%
2019-02-25,63400,62500,63900,62300,2.08M,2.26%
2019-02-26,63000,63400,63500,61900,1.98M,-0.63%
2019-02-27,61900,62800,63000,61600,1.15M,-1.75%
2019-02-28,60500,61900,62500,60500,2.03M,-2.26%
2019-03-01,62200,61000,62200,60800,713.50K,2.81%
2019-03-04,62800,62200,63000,62200,1.35M,0.96%
2019-03-05,63000,62800,63800,62500,1.58M,0.32%
2019-03-06,62700,63100,63300,61900,1.08M,-0.48%
2019-03-07,63100,62700,63800,62600,1.90M,0.64%
2019-03-08,62800,62400,63000,62100,997.37K,-0.48%
2019-03-11,62600,62400,62700,61900,1.02M,-0.32%
2019-03-12,64800,63000,64800,62700,2.19M,3.51%
2019-03-13,65200,65000,65200,64500,1.68M,0.62%
2019-03-14,67000,65200,67000,64500,2.27M,2.76%
2019-03-15,66000,67200,67200,66000,2.62M,-1.49%
2019-03-18,67600,66500,67800,66500,1.94M,2.42%
2019-03-19,66800,67600,67600,66700,1.39M,-1.18%
2019-03-20,66700,66700,67200,66200,2.44M,-0.15%
2019-03-21,66600,66900,67900,66500,1.53M,-0.15%
2019-03-22,66900,66800,67000,66500,1.38M,0.45%
2019-03-25,65500,65000,66000,64000,1.64M,-2.09%
2019-03-26,65500,66100,66500,65500,1.13M,0.00%
2019-03-27,65500,65900,65900,64700,538.18K,0.00%
2019-03-28,66700,65700,66700,65400,742.47K,1.83%
2019-03-29,67300,67000,67500,66800,678.05K,0.90%
2019-04-01,67800,67900,67900,67600,684.06K,0.74%
2019-04-02,67500,68000,68500,67500,556.97K,-0.44%
2019-04-03,67200,67500,67600,66500,445.65K,-0.44%
2019-04-04,67700,67200,67900,66800,948.96K,0.74%
2019-04-05,68100,67800,68200,67800,477.53K,0.59%
2019-04-08,69700,68100,69700,67900,1.12M,2.35%
2019-04-09,69800,69700,70000,69400,759.18K,0.14%
2019-04-10,68900,69500,69500,68800,719.03K,-1.29%
2019-04-11,68500,69000,69000,67700,405.09K,-0.58%
2019-04-12,68000,68600,68600,67600,355.40K,-0.73%
2019-04-16,67400,68000,68000,66400,404.64K,-0.88%
2019-04-17,68000,67900,68200,67000,516.71K,0.89%
2019-04-18,67900,67500,68700,67500,554.82K,-0.15%
2019-04-19,68000,67900,68500,67900,232.55K,0.15%
2019-04-22,67900,67100,68100,67000,313.21K,-0.15%
2019-04-23,67500,68000,68000,66100,1.26M,-0.59%
2019-04-24,68500,67500,69200,67500,684.54K,1.48%
2019-04-25,67700,68500,68500,67700,348.70K,-1.17%
2019-04-26,67900,67800,68300,67500,277.26K,0.30%
2019-05-02,66900,67600,67900,66400,628.43K,-1.47%
2019-05-03,66700,66800,67200,66100,789.78K,-0.30%
2019-05-06,66300,66200,66800,65900,364.56K,-0.60%
2019-05-07,65600,66300,67000,64800,1.10M,-1.06%
2019-05-08,65100,64600,65600,64600,947.12K,-0.76%
2019-05-09,65500,65400,66000,65100,659.18K,0.61%
2019-05-10,65600,65500,66100,65200,554.37K,0.15%
2019-05-13,65900,65800,66100,65600,475.42K,0.46%
2019-05-14,66600,65400,66600,65400,628.48K,1.06%
2019-05-15,66800,66700,67400,66500,734.23K,0.30%
2019-05-16,66800,66800,67400,66800,412.21K,0.00%
2019-05-17,66800,66800,67000,66600,449.04K,0.00%
2019-05-20,67800,66800,68100,66700,607.06K,1.50%
2019-05-21,67700,67900,68400,67700,473.17K,-0.15%
2019-05-22,67200,67500,68600,67000,662.70K,-0.74%
2019-05-23,67600,67400,68000,67100,378.44K,0.60%
2019-05-24,66500,67300,68000,66100,931.25K,-1.63%
2019-05-27,67400,67000,67800,66500,341.32K,1.35%
2019-05-28,67400,67000,68600,66800,664.40K,0.00%
2019-05-29,67500,67600,68100,67200,313.51K,0.15%
2019-05-30,67700,67500,68100,67300,320.90K,0.30%
2019-05-31,67200,67500,68000,66800,712.09K,-0.74%
2019-06-03,66500,66500,67200,64000,593.66K,-1.04%
2019-06-04,67200,66000,67500,65900,387.78K,1.05%
2019-06-05,66700,67200,67500,66700,269.12K,-0.74%
2019-06-06,65900,66700,66700,65000,394.55K,-1.20%
2019-06-07,65600,66500,67000,65200,490.88K,-0.46%
2019-06-10,66700,66800,67500,66000,585.46K,1.68%
2019-06-11,67400,66500,67500,66500,280.10K,1.05%
2019-06-12,67000,67400,67500,66900,212.91K,-0.59%
2019-06-13,67300,67000,67500,66400,546.96K,0.45%
2019-06-14,69200,67500,69600,67300,2.48M,2.82%
2019-06-17,69200,69200,70300,69000,1.02M,0.00%
2019-06-18,70300,69000,70500,68200,958.12K,1.59%
2019-06-19,69800,70400,70700,69400,767.31K,-0.71%
2019-06-20,71500,69700,71500,69600,934.29K,2.44%
2019-06-21,71000,71500,72000,71000,1.79M,-0.70%
2019-06-24,73000,71500,73800,71000,1.41M,2.82%
2019-06-25,72400,72800,72800,72000,390.84K,-0.82%
2019-06-26,70500,72400,72500,70500,918.85K,-2.62%
2019-06-27,69500,71000,71000,69400,1.19M,-1.42%
2019-06-28,70500,69600,72000,68400,830.14K,1.44%
2019-07-01,71300,71000,71900,70900,565.64K,1.13%
2019-07-02,70500,71500,71500,70300,363.02K,-1.12%
2019-07-03,69600,70500,71000,69600,796.72K,-1.28%
2019-07-04,72500,70000,72500,69700,1.13M,4.17%
2019-07-05,72600,72500,72600,72000,425.62K,0.14%
2019-07-08,71300,72000,72300,71000,723.30K,-1.79%
2019-07-09,71900,71500,71900,70600,668.55K,0.84%
2019-07-10,72500,72500,72700,71900,639.16K,0.83%
2019-07-11,74000,72600,74600,72600,1.29M,2.07%
2019-07-12,73700,74000,74500,73600,926.21K,-0.41%
2019-07-15,75000,73700,75000,73700,1.09M,1.76%
2019-07-16,77200,75500,78000,75400,1.90M,2.93%
2019-07-17,76200,76500,77100,75800,802.35K,-1.30%
2019-07-18,76400,75900,77200,75600,858.68K,0.26%
2019-07-19,79000,76400,79800,76400,1.32M,3.40%
2019-07-22,79000,79000,79500,78700,930.52K,0.00%
2019-07-23,78900,78900,79300,78500,626.06K,-0.13%
2019-07-24,76900,79500,79500,76500,1.38M,-2.53%
2019-07-25,77700,76900,77800,76700,457.36K,1.04%
2019-07-26,78500,77700,79700,77500,942.26K,1.03%
2019-07-29,81000,78500,81000,78300,986.83K,3.18%
2019-07-30,80600,82000,82500,80600,1.13M,-0.49%
2019-07-31,80200,80000,80500,79600,512.82K,-0.50%
2019-08-01,80500,80200,80500,79700,538.85K,0.37%
2019-08-02,79100,79700,80500,79100,680.00K,-1.74%
2019-08-05,77400,79200,79700,77100,857.57K,-2.15%
2019-08-06,76300,76400,76900,75800,1.17M,-1.42%
2019-08-07,78400,76300,78400,76300,567.83K,2.75%
2019-08-08,78500,78500,79800,78100,612.53K,0.13%
2019-08-09,78500,78700,79400,78400,638.63K,0.00%
2019-08-12,77700,78500,78800,77200,475.00K,-1.02%
2019-08-13,76300,77200,77500,75900,809.30K,-1.80%
2019-08-14,76300,78000,78000,76300,354.75K,0.00%
2019-08-15,79000,74600,79000,74600,510.33K,3.54%
2019-08-16,77900,77800,78600,77800,551.18K,-1.39%
2019-08-19,76800,77900,78500,76700,692.74K,-1.41%
2019-08-20,76900,77800,77800,76700,453.76K,0.13%
2019-08-21,80000,76900,80300,76700,1.93M,4.03%
2019-08-22,80000,80200,80400,79600,762.09K,0.00%
2019-08-23,79200,80000,80200,79200,451.50K,-1.00%
2019-08-26,77800,78200,78600,77500,672.22K,-1.77%
2019-08-27,76500,78200,78800,76000,1.12M,-1.67%
2019-08-28,77000,76800,77300,76800,588.81K,0.65%
2019-08-29,76800,76900,77400,76500,422.24K,-0.26%
2019-08-30,77700,77000,77700,77000,280.13K,1.17%
2019-09-03,77800,77800,77900,76700,580.83K,0.13%
2019-09-04,77300,77500,77500,76900,527.77K,-0.64%
2019-09-05,77600,77200,78800,77200,408.90K,0.39%
2019-09-06,77300,78000,78000,77000,287.99K,-0.39%
2019-09-09,77200,77300,77400,77000,236.44K,-0.13%
2019-09-10,77700,77200,79200,77100,651.95K,0.65%
2019-09-11,78200,77300,78500,77300,141.45K,0.64%
2019-09-12,79500,78500,79500,78500,800.24K,1.66%
2019-09-13,81900,79800,82000,79800,1.41M,3.02%
2019-09-16,81000,81900,82700,80800,697.31K,-1.10%
2019-09-17,81100,80700,81300,80500,896.29K,0.12%
2019-09-18,80600,81100,82500,80500,809.82K,-0.62%
2019-09-19,81500,81000,81700,80500,527.23K,1.12%
2019-09-20,81000,81500,82800,81000,2.79M,-0.61%
2019-09-23,79000,81600,81900,79000,1.19M,-2.47%
2019-09-24,80600,79500,80800,78900,791.47K,2.03%
2019-09-25,80700,80000,80900,79400,729.34K,0.12%
2019-09-26,81000,80700,81300,80300,1.04M,0.37%
2019-09-27,82900,81300,83100,80800,1.39M,2.35%
2019-09-30,82100,82900,83300,81900,775.77K,-0.97%
2019-10-01,83400,82100,83600,81800,795.10K,1.58%
2019-10-02,82000,83400,83700,81700,1.22M,-1.68%
2019-10-03,82000,81800,82000,80600,1.00M,0.00%
2019-10-04,83000,82000,83500,81800,1.12M,1.22%
2019-10-07,82800,84000,84500,82800,1.13M,-0.24%
2019-10-08,85100,82800,85300,82800,1.46M,2.78%
2019-10-09,84500,85100,85700,84500,860.16K,-0.71%
2019-10-10,84600,84900,85200,84500,753.67K,0.12%
2019-10-11,85300,84500,85400,84400,730.37K,0.83%
2019-10-14,85000,85500,86000,85000,620.80K,-0.35%
2019-10-15,85200,85000,85400,84700,648.40K,0.24%
2019-10-16,86100,86200,86300,85700,668.74K,1.06%
2019-10-17,85200,86400,86400,84800,1.02M,-1.05%
2019-10-18,85000,85500,85800,84800,417.24K,-0.23%
2019-10-21,84200,84900,84900,83600,561.47K,-0.94%
2019-10-22,85400,84200,85800,84200,473.09K,1.43%
2019-10-23,85300,85500,85800,84600,538.12K,-0.12%
2019-10-24,86900,85300,87000,85100,660.18K,1.88%
2019-10-25,88000,86900,88500,86600,838.21K,1.27%
2019-10-28,87400,88000,88200,87400,383.85K,-0.68%
2019-10-29,86400,87400,87500,86300,702.62K,-1.14%
2019-10-30,87800,86100,88200,86100,607.71K,1.62%
2019-10-31,87700,88100,88500,87600,319.34K,-0.11%
2019-11-01,88800,87700,89400,87500,1.07M,1.25%
2019-11-04,92000,89300,92500,89300,1.09M,3.60%
2019-11-05,90800,92100,92500,90700,616.63K,-1.30%
2019-11-06,91000,90800,92300,90700,673.23K,0.22%
2019-11-07,91300,91000,91900,91000,360.85K,0.33%
2019-11-08,91500,91300,91900,90800,416.51K,0.22%
2019-11-11,91300,91800,91800,91000,423.79K,-0.22%
2019-11-12,91700,91400,92100,91300,595.82K,0.44%
2019-11-13,90500,92200,92200,90000,706.55K,-1.31%
2019-11-14,90900,90500,91400,90200,375.32K,0.44%
2019-11-15,89700,90000,91000,89400,565.27K,-1.32%
2019-11-18,87600,89500,89900,87500,700.55K,-2.34%
2019-11-19,91000,88000,91000,88000,526.56K,3.88%
2019-11-20,89500,91000,91000,89500,516.28K,-1.65%
2019-11-21,87500,89100,89700,87500,1.00M,-2.23%
2019-11-22,85500,87600,88500,85200,1.35M,-2.29%
2019-11-25,84500,85500,86000,82600,1.45M,-1.17%
2019-11-26,84700,84500,85800,84500,727.13K,0.24%
2019-11-27,86300,85500,87000,85300,484.36K,1.89%
2019-11-28,85300,86000,86300,84900,494.65K,-1.16%
2019-11-29,85300,85600,85800,85000,318.00K,0.00%
2019-12-02,83500,85300,85700,83000,438.80K,-2.11%
2019-12-03,82000,83000,84100,82000,635.37K,-1.80%
2019-12-04,84700,81900,84800,81500,376.73K,3.29%
2019-12-05,84800,85000,85700,84600,378.49K,0.12%
2019-12-06,84900,84800,85200,84400,256.40K,0.12%
2019-12-09,85200,84900,85700,84400,400.74K,0.35%
2019-12-10,85400,85300,85900,85000,512.29K,0.23%
2019-12-11,85900,86000,86000,85200,415.08K,0.59%
2019-12-12,87500,86100,88000,86000,464.75K,1.86%
2019-12-13,88400,88100,88500,87500,746.80K,1.03%
2019-12-16,86000,88400,88400,85000,665.55K,-2.71%
2019-12-17,85300,86400,87000,85300,266.25K,-0.81%
2019-12-18,86700,85400,86700,85300,845.74K,1.64%
2019-12-19,88000,86700,88200,86000,1.01M,1.50%
2019-12-20,88300,88000,88500,87800,389.36K,0.34%
2019-12-23,90900,88900,91000,88900,937.25K,2.94%
2019-12-24,90000,90800,90800,88900,507.60K,-0.99%
2019-12-25,89900,90000,90900,89000,230.88K,-0.11%
2019-12-26,89400,90500,90500,89000,404.11K,-0.56%
2019-12-27,90500,89300,90500,88300,498.87K,1.23%
2019-12-30,91000,90500,92200,90000,660.14K,0.55%
2019-12-31,90200,90600,91100,90100,230.77K,-0.88%
2020-01-02,90800,90200,91400,89700,386.29K,0.67%
2020-01-03,89900,91500,91800,89900,536.13K,-0.99%
2020-01-06,87500,89200,89500,87500,880.11K,-2.67%
2020-01-07,87800,87000,87900,85400,1.01M,0.34%
2020-01-08,87000,86900,87900,86200,722.28K,-0.91%
2020-01-09,88700,87700,88900,87700,722.67K,1.95%
2020-01-10,89500,88700,90400,87900,1.53M,0.90%
2020-01-13,89400,89000,89800,89000,1.04M,-0.11%
2020-01-14,89400,89500,90000,89100,1.00M,0.00%
2020-01-15,89300,89600,89600,88800,1.47M,-0.11%
2020-01-16,89500,89300,90300,88900,1.17M,0.22%
2020-01-17,94500,89500,94500,89500,2.22M,5.59%
2020-01-20,94000,94500,94800,93500,832.19K,-0.53%
2020-01-21,94000,93900,94600,93600,749.59K,0.00%
2020-01-22,93400,94000,95000,93100,877.71K,-0.64%
2020-01-30,88900,92100,92400,87000,3.54M,-4.82%
2020-01-31,88700,88000,89800,87700,1.27M,-0.22%
2020-02-03,88700,84100,90200,83000,1.46M,0.00%
2020-02-04,89800,89000,89800,87700,1.12M,1.24%
2020-02-05,88900,90200,90400,88800,731.31K,-1.00%
2020-02-06,89400,89000,90900,88800,889.57K,0.56%
2020-02-07,90000,89800,90800,89000,1.17M,0.67%
2020-02-10,88900,89200,89500,88500,607.06K,-1.22%
2020-02-11,89200,89000,89500,88900,520.21K,0.34%
2020-02-12,89400,89800,89800,89100,609.75K,0.22%
2020-02-13,89300,89200,89500,88800,633.27K,-0.11%
2020-02-14,89300,89000,89800,89000,432.80K,0.00%
2020-02-17,89400,89300,89900,89100,343.90K,0.11%
2020-02-18,89400,89600,89600,89000,432.88K,0.00%
2020-02-19,89500,89000,89500,89000,264.01K,0.11%
2020-02-20,89500,89700,90400,89200,541.12K,0.00%
2020-02-21,89000,89500,89500,89000,898.35K,-0.56%
2020-02-24,87200,86000,88000,86000,995.91K,-2.02%
2020-02-25,86200,86000,87000,85800,1.23M,-1.15%
2020-02-26,85000,86000,86000,84000,1.16M,-1.39%
2020-02-27,84000,84000,84600,82900,1.23M,-1.18%
2020-02-28,82400,80100,83400,80100,1.71M,-1.90%
2020-03-02,81800,81500,82200,81300,668.98K,-0.73%
2020-03-03,82200,83500,83500,82200,848.27K,0.49%
2020-03-04,81700,82000,82000,81000,581.53K,-0.61%
2020-03-05,83100,82200,83600,82200,833.71K,1.71%
2020-03-06,84500,83000,85700,82000,884.75K,1.68%
2020-03-09,78600,79000,80900,78600,1.21M,-6.98%
2020-03-10,79900,78000,79900,75400,1.43M,1.65%
2020-03-11,77000,80400,80400,74400,1.81M,-3.63%
2020-03-12,71700,72000,73000,71700,1.58M,-6.88%
2020-03-13,71000,66700,73000,66700,1.86M,-0.98%
2020-03-16,67100,71000,71000,66500,1.02M,-5.49%
2020-03-17,67500,63600,67500,63600,1.36M,0.60%
2020-03-18,69300,68000,70700,68000,1.10M,2.67%
2020-03-19,66000,67300,68700,66000,1.19M,-4.76%
2020-03-20,61500,66000,66300,61500,2.76M,-6.82%
2020-03-23,57200,57600,58500,57200,1.88M,-6.99%
2020-03-24,58000,57200,58400,56600,1.50M,1.40%
2020-03-25,62000,60000,62000,59700,1.84M,6.90%
2020-03-26,63200,62000,64700,61500,1.48M,1.94%
2020-03-27,64100,63300,65900,62500,1.57M,1.42%
2020-03-30,61000,60100,61400,59800,1.64M,-4.84%
2020-03-31,62000,61500,64100,60000,957.50K,1.64%
2020-04-01,65000,61500,65900,61500,1.23M,4.84%
2020-04-03,65500,65000,66300,64000,1.73M,0.77%
2020-04-06,68000,67500,68300,66000,2.11M,3.82%
2020-04-07,68200,68000,69000,66800,1.77M,0.29%
2020-04-08,67500,67000,68200,66800,1.78M,-1.03%
2020-04-09,71000,68000,72000,68000,1.80M,5.19%
2020-04-10,70600,71000,71900,69600,1.60M,-0.56%
2020-04-13,70800,70600,71800,70000,1.05M,0.28%
2020-04-14,69900,70500,70800,67800,1.94M,-1.27%
2020-04-15,70900,69700,71300,69700,1.02M,1.43%
2020-04-16,71200,70000,71200,69800,1.06M,0.42%
2020-04-17,71400,71500,71800,70900,1.47M,0.28%
2020-04-20,71900,71700,72400,70800,1.03M,0.70%
2020-04-21,71500,71000,71500,67800,2.16M,-0.56%
2020-04-22,69300,69000,71100,69000,1.61M,-3.08%
2020-04-23,69200,71000,71000,68800,1.20M,-0.14%
2020-04-24,68900,69200,69600,67500,972.17K,-0.43%
2020-04-27,66800,69900,69900,66800,2.55M,-3.05%
2020-04-28,67000,66800,68500,65200,2.05M,0.30%
2020-04-29,68000,67000,68100,67000,1.52M,1.49%
2020-05-04,67400,68000,68100,66800,852.26K,-0.88%
2020-05-05,66800,67300,67700,66800,1.01M,-0.89%
2020-05-06,67600,67300,67700,66500,855.77K,1.20%
2020-05-07,69700,67800,69700,67700,1.94M,3.11%
2020-05-08,73500,70000,74200,69800,3.87M,5.45%
2020-05-11,74500,73500,74500,72500,1.70M,1.36%
2020-05-12,75600,74600,76000,74400,2.20M,1.48%
2020-05-13,75600,75600,76500,72000,1.85M,0.00%
2020-05-14,76000,75000,76400,74900,2.12M,0.53%
2020-05-15,76000,76400,76500,75600,1.60M,0.00%
2020-05-18,78500,76300,79000,75800,1.00M,3.29%
2020-05-19,79000,79900,80100,78800,1.13M,0.64%
2020-05-20,79600,78400,79700,78400,710.20K,0.76%
2020-05-21,81200,80000,81200,79600,1.43M,2.01%
2020-05-22,81000,81200,81300,80000,805.71K,-0.25%
2020-05-25,81100,80900,81300,80800,708.71K,0.12%
2020-05-26,82500,81000,82600,81000,740.93K,1.73%
2020-05-27,82900,83000,84400,82900,817.77K,0.48%
2020-05-28,84500,83000,85100,83000,1.85M,1.93%
2020-05-29,85200,85000,86000,84500,1.16M,0.83%
2020-06-01,86500,85500,86700,85500,725.31K,1.53%
2020-06-02,86600,86900,86900,86300,1.01M,0.12%
2020-06-03,87900,87000,87900,86900,462.75K,1.50%
2020-06-04,89000,88000,89000,88000,450.24K,1.25%
2020-06-05,89000,89100,89300,87000,810.57K,0.00%
2020-06-08,89400,89000,90200,88400,802.24K,0.45%
2020-06-09,89500,89900,90000,89400,417.69K,0.11%
2020-06-10,89600,89500,89800,89300,793.59K,0.11%
2020-06-11,88000,89500,89600,87000,1.16M,-1.79%
2020-06-12,85600,82500,86500,82500,1.61M,-2.73%
2020-06-15,82000,85600,85800,81800,1.22M,-4.21%
2020-06-16,83700,84000,84000,82400,802.98K,2.07%
2020-06-17,84200,85000,85200,83800,737.83K,0.60%
2020-06-18,85000,84000,86500,83900,1.81M,0.95%
2020-06-19,85400,85000,86000,85000,723.97K,0.47%
2020-06-22,85500,85000,85600,85000,1.31M,0.12%
2020-06-23,86000,85500,87000,85300,917.23K,0.58%
2020-06-24,84700,86000,86000,84100,710.16K,-1.51%
2020-06-25,83700,82700,84400,82700,506.65K,-1.18%
2020-06-26,83300,84100,84700,83000,355.93K,-0.48%
2020-06-29,81500,83300,83300,81100,594.14K,-2.16%
2020-06-30,80300,82500,82500,80000,709.99K,-1.47%
2020-07-01,82700,80300,82700,80000,404.44K,2.99%
2020-07-02,82600,83200,83200,81000,469.04K,-0.12%
2020-07-03,83000,82500,83300,82200,370.34K,0.48%
2020-07-06,82900,83000,83400,82400,1.22M,-0.12%
2020-07-07,83400,84000,84200,83300,1.34M,0.60%
2020-07-08,83000,83200,83400,82800,485.19K,-0.48%
2020-07-09,83600,83900,83900,83300,962.17K,0.72%
2020-07-10,82700,83400,83600,82100,918.56K,-1.08%
2020-07-13,82900,83400,83500,82400,371.63K,0.24%
2020-07-14,83000,82900,83000,82200,427.11K,0.12%
2020-07-15,83500,83200,83800,83200,1.20M,0.60%
2020-07-16,83500,83800,83900,82900,1.09M,0.00%
2020-07-17,82800,83600,83600,82800,628.00K,-0.84%
2020-07-20,82200,82500,82700,81700,696.83K,-0.72%
2020-07-21,82500,82500,82800,81700,681.74K,0.36%
2020-07-22,82500,82500,82500,82200,625.32K,0.00%
2020-07-23,82500,82500,82800,82100,1.35M,0.00%
2020-07-24,81000,82100,82300,78500,1.34M,-1.82%
2020-07-27,77000,76000,80000,76000,1.27M,-4.94%
2020-07-28,78500,77000,78800,76500,910.69K,1.95%
2020-07-29,77500,76000,78000,75100,833.57K,-1.27%
2020-07-30,77400,77600,78500,77300,937.68K,-0.13%
2020-07-31,76400,76000,77400,76000,672.94K,-1.29%
2020-08-03,78800,76000,78800,76000,422.82K,3.14%
2020-08-04,81900,80000,81900,79400,616.84K,3.93%
2020-08-05,82700,81900,83000,80400,778.84K,0.98%
2020-08-06,82800,82600,83100,81900,802.35K,0.12%
2020-08-07,82900,83000,83000,82400,518.66K,0.12%
2020-08-10,81900,83000,83200,81900,576.57K,-1.21%
2020-08-11,82100,82500,82600,81800,312.92K,0.24%
2020-08-12,82100,82100,82300,81900,310.43K,0.00%
2020-08-13,83000,82900,83000,82000,385.32K,1.10%
2020-08-14,82000,83000,83100,81900,820.27K,-1.20%
2020-08-17,82300,82000,82900,81700,389.48K,0.37%
2020-08-18,82300,82300,82600,81700,331.69K,0.00%
2020-08-19,83000,82300,83000,82000,586.79K,0.85%
2020-08-20,83000,83000,84500,83000,1.09M,0.00%
2020-08-21,82900,83000,83200,82600,1.28M,-0.12%
2020-08-24,83900,83000,84600,83000,1.53M,1.21%
2020-08-25,83900,83900,84900,83900,1.75M,0.00%
2020-08-26,83500,83900,83900,83400,1.59M,-0.48%
2020-08-27,83500,83500,83900,83200,1.00M,0.00%
2020-08-28,83400,83600,83900,83300,1.65M,-0.12%
2020-08-31,83000,84000,84500,82800,971.31K,-0.48%
2020-09-01,83000,83000,83300,82900,1.63M,0.00%
2020-09-03,86200,83700,86500,83700,2.50M,3.86%
2020-09-04,84900,85000,86100,84800,2.43M,-1.51%
2020-09-07,83600,84700,85100,83600,1.18M,-1.53%
2020-09-08,82500,83600,83900,82300,1.99M,-1.32%
2020-09-09,82200,82000,83200,81500,1.47M,-0.36%
2020-09-10,82100,83000,83300,82100,689.70K,-0.12%
2020-09-11,82300,82100,82600,81800,665.69K,0.24%
2020-09-14,83000,82800,83100,82700,594.68K,0.85%
2020-09-15,82500,83000,83500,82500,998.97K,-0.60%
2020-09-16,82900,82600,83100,82000,628.03K,0.48%
2020-09-17,82500,82500,83000,82000,1.04M,-0.48%
2020-09-18,82900,82400,83000,82400,1.19M,0.48%
2020-09-21,83000,83100,83600,83000,1.67M,0.12%
2020-09-22,84000,83000,84400,82800,1.75M,1.20%
2020-09-23,85400,84200,85500,84200,1.40M,1.67%
2020-09-24,86100,84100,86200,84100,1.63M,0.82%
2020-09-25,86000,86100,86200,85500,1.11M,-0.12%
2020-09-28,86000,85800,86200,85400,1.25M,0.00%
2020-09-29,84600,86000,86100,83800,1.61M,-1.63%
2020-09-30,84100,85000,85000,83800,584.45K,-0.59%
2020-10-01,84800,85100,85100,84200,367.03K,0.83%
2020-10-02,84000,84800,85000,80000,890.84K,-0.94%
2020-10-05,83500,84500,85000,83400,811.74K,-0.60%
2020-10-06,83900,83800,84400,83200,1.11M,0.48%
2020-10-07,85000,83600,85200,83100,988.27K,1.31%
2020-10-08,84800,85500,85500,83800,549.14K,-0.24%
2020-10-09,84800,84500,85000,84500,366.20K,0.00%
2020-10-12,85900,86000,87000,84800,1.57M,1.30%
2020-10-13,86500,86000,86900,85500,814.53K,0.70%
2020-10-14,88200,86800,89000,86700,1.21M,1.97%
2020-10-15,88600,88200,88600,86800,1.42M,0.45%
2020-10-16,88200,88500,88600,87500,668.85K,-0.45%
2020-10-19,87500,88000,88300,87500,1.05M,-0.79%
2020-10-20,87700,87000,87800,86900,1.08M,0.23%
2020-10-21,86200,87800,88600,85900,1.45M,-1.71%
2020-10-22,86600,86100,86600,85100,1.32M,0.46%
2020-10-23,87500,86900,87500,86700,657.83K,1.04%
2020-10-26,86000,87500,87800,86000,911.39K,-1.71%
2020-10-27,86000,86000,87300,85500,1.17M,0.00%
2020-10-28,84200,86000,86500,83500,866.33K,-2.09%
2020-10-29,83600,84400,84800,83500,764.72K,-0.71%
2020-10-30,83000,83600,84400,82800,1.09M,-0.72%
2020-11-02,85800,83000,85800,83000,366.30K,3.37%
2020-11-03,85000,85800,85900,84700,308.55K,-0.93%
2020-11-04,85000,85000,85500,84300,394.66K,0.00%
2020-11-05,85000,85500,85500,84800,507.96K,0.00%
2020-11-06,85000,85100,85100,84000,323.16K,0.00%
2020-11-09,85500,85000,85800,84800,1.01M,0.59%
2020-11-10,85100,86100,87300,85100,1.51M,-0.47%
2020-11-11,84900,85500,86600,84900,1.03M,-0.24%
2020-11-12,86400,85700,86500,85600,405.35K,1.77%
2020-11-13,86900,86600,86900,86200,417.84K,0.58%
2020-11-16,85800,87200,87800,85000,1.25M,-1.27%
2020-11-17,87600,85800,87600,85500,548.25K,2.10%
2020-11-18,87600,87600,87700,87000,906.81K,0.00%
2020-11-19,90200,87700,90200,87400,2.58M,2.97%
2020-11-20,92500,91000,92500,90100,1.23M,2.55%
2020-11-23,91600,92100,92400,91000,648.83K,-0.97%
2020-11-24,92400,92000,92400,90800,996.58K,0.87%
2020-11-25,93500,92500,94200,92300,1.09M,1.19%
2020-11-26,94000,93500,94000,92600,698.35K,0.53%
2020-11-27,94500,94000,94500,93200,1.21M,0.53%
2020-11-30,93000,93700,94000,91500,1.45M,-1.59%
2020-12-01,92000,90700,93200,90700,1.16M,-1.08%
2020-12-02,93500,92000,93500,91500,746.71K,1.63%
2020-12-03,93500,93500,93900,92400,736.76K,0.00%
2020-12-04,91100,93200,93500,91100,860.90K,-2.57%
2020-12-07,93100,91400,93300,91400,945.46K,2.20%
2020-12-08,93100,93000,93900,91500,702.82K,0.00%
2020-12-09,96500,93600,96500,93200,1.20M,3.65%
2020-12-10,97200,96500,97700,96400,1.30M,0.73%
2020-12-11,97200,97200,97300,95900,776.19K,0.00%
2020-12-14,99900,97200,99900,95900,931.08K,2.78%
2020-12-15,97800,99000,99800,96500,1.43M,-2.10%
2020-12-16,99900,98500,99900,97800,740.70K,2.15%
2020-12-17,96000,98600,98600,95000,2.31M,-3.90%
2020-12-18,98900,96000,98900,96000,1.05M,3.02%
2020-12-21,98900,98900,99000,97300,697.03K,0.00%
2020-12-22,97900,98000,98100,97500,748.84K,-1.01%
2020-12-23,97500,97500,98500,96900,666.39K,-0.41%
2020-12-24,97300,97900,97900,96000,815.73K,-0.21%
2020-12-25,97600,97000,97600,96700,314.96K,0.31%
2020-12-28,98000,98000,98200,97300,836.09K,0.41%
2020-12-29,99200,98000,99800,97800,696.51K,1.22%
2020-12-30,97900,99200,99600,97500,509.51K,-1.31%
2020-12-31,97900,97900,99000,97000,367.14K,0.00%
2021-01-04,99000,98000,99800,97300,855.90K,1.12%
2021-01-05,99300,99000,100600,99000,739.20K,0.30%
2021-01-06,105000,99500,106200,99300,2.08M,5.74%
2021-01-07,107000,104000,108500,104000,889.00K,1.90%
2021-01-08,104800,108000,108000,104500,963.90K,-2.06%
2021-01-11,104500,104600,105700,104100,847.40K,-0.29%
2021-01-12,105600,105600,105600,104200,634.90K,1.05%
2021-01-13,104800,105600,106100,104000,1.06M,-0.76%
2021-01-14,103900,105000,105200,103300,832.20K,-0.86%
2021-01-15,103200,104800,104900,102500,1.10M,-0.67%
2021-01-18,103300,103500,105000,103000,1.06M,0.10%
2021-01-19,99000,103100,103300,96100,1.13M,-4.16%
2021-01-20,99100,99000,105900,98000,2.09M,0.10%
2021-01-21,103000,99100,103000,98000,1.28M,3.94%
2021-01-22,103000,103000,104000,102000,1.27M,0.00%
2021-01-25,102500,101100,103000,101100,725.90K,-0.49%
2021-01-26,100900,102500,102500,99000,970.50K,-1.56%
2021-01-27,97400,99100,100000,93900,1.57M,-3.47%
2021-01-28,90600,92000,93300,90600,1.21M,-6.98%
2021-01-29,93000,85500,96900,85500,1.36M,2.65%
2021-02-01,91100,96000,96000,91000,1.31M,-2.04%
2021-02-02,96500,92000,96700,92000,1.06M,5.93%
2021-02-03,98900,97900,99000,96600,1.45M,2.49%
2021-02-04,98900,98900,99000,93900,967.30K,0.00%
2021-02-05,100000,98900,100000,97900,897.40K,1.11%
2021-02-08,94100,99000,99800,93100,2.90M,-5.90%
2021-02-09,97200,97000,97400,93100,2.98M,3.29%
2021-02-17,100000,97500,100000,97500,1.05M,2.88%
2021-02-18,102000,99000,102000,98000,1.69M,2.00%
2021-02-19,101300,99200,101700,99100,1.85M,-0.69%
2021-02-22,100600,100500,102000,100300,1.39M,-0.69%
2021-02-23,100000,100000,101000,99200,1.44M,-0.60%
2021-02-24,98100,100500,101000,96500,1.27M,-1.90%
2021-02-25,98200,99000,99500,97600,896.10K,0.10%
2021-02-26,98200,97300,99000,97000,1.07M,0.00%
2021-03-01,99200,98200,99300,98200,911.20K,1.02%
2021-03-02,99300,100000,101800,98000,1.19M,0.10%
2021-03-03,98400,98300,99400,98200,915.60K,-0.91%
2021-03-04,97300,98600,99500,93100,1.12M,-1.12%
2021-03-05,96400,97100,97200,95000,1.66M,-0.92%
2021-03-08,95200,97000,97000,95000,1.50M,-1.24%
2021-03-09,95000,95000,95000,93100,1.34M,-0.21%
2021-03-10,95500,95000,95800,94000,1.06M,0.53%
2021-03-11,96300,95800,96800,95800,1.01M,0.84%
2021-03-12,95800,96300,96500,94500,1.26M,-0.52%
2021-03-15,96300,96000,97000,95500,1.44M,0.52%
2021-03-16,95700,96000,96000,95100,655.80K,-0.62%
2021-03-17,95600,95500,95800,95000,1.24M,-0.10%
2021-03-18,97500,96200,97500,95500,1.61M,1.99%
2021-03-19,94200,97100,97100,94200,1.60M,-3.38%
2021-03-22,97000,96000,97500,95400,1.90M,2.97%
2021-03-23,95800,96900,96900,95400,940.80K,-1.24%
2021-03-24,94700,95000,95900,94100,1.42M,-1.15%
2021-03-25,95100,94700,96000,94500,1.16M,0.42%
2021-03-26,94900,95000,95500,93700,1.20M,-0.21%
2021-03-29,95300,95200,95800,93500,1.20M,0.42%
2021-03-30,94800,95300,95300,94100,1.75M,-0.52%
2021-03-31,94800,94500,95100,94100,944.60K,0.00%
2021-04-01,96900,95200,97700,95200,2.70M,2.22%
2021-04-02,97800,97500,98500,96900,2.28M,0.93%
2021-04-05,102000,100000,102800,98600,3.59M,4.29%
2021-04-06,101900,102000,102500,100500,2.24M,-0.10%
2021-04-07,101900,101000,102000,100400,1.18M,0.00%
2021-04-08,100000,101900,101900,99500,1.58M,-1.86%
2021-04-09,97500,99500,99500,97500,2.10M,-2.50%
2021-04-12,98900,98500,99200,97400,2.67M,1.44%
2021-04-13,97500,100000,100000,97500,1.67M,-1.42%
2021-04-14,98700,97300,98700,96900,1.34M,1.23%
2021-04-15,97500,99800,99800,96800,2.15M,-1.22%
2021-04-16,96300,97300,98500,96000,1.52M,-1.23%
2021-04-19,98500,97000,98500,95800,1.39M,2.28%
2021-04-20,103000,99100,105000,98500,6.27M,4.57%
2021-04-22,103000,103000,105600,102200,2.98M,0.00%
2021-04-23,104000,103000,104000,100500,2.29M,0.97%
2021-04-26,98600,104000,104000,97900,3.60M,-5.19%
2021-04-27,99000,98600,99600,97700,1.19M,0.41%
2021-04-28,99000,99000,99300,97700,1.43M,0.00%
2021-04-29,100000,99000,100000,98000,1.62M,1.01%
2021-05-04,99100,99000,99600,98000,1.50M,-0.90%
2021-05-05,101200,99100,102000,99100,1.83M,2.12%
2021-05-06,99300,101200,101700,99000,1.16M,-1.88%
2021-05-07,97000,98900,99000,96700,2.28M,-2.32%
2021-05-10,98100,96700,98200,95900,1.67M,1.13%
2021-05-11,97900,98200,99300,97500,1.17M,-0.20%
2021-05-12,97300,97900,97900,97000,1.22M,-0.61%
2021-05-13,96800,97200,97800,96800,1.70M,-0.51%
2021-05-14,96900,97400,98300,96600,1.40M,0.10%
2021-05-17,96000,97100,97300,95800,1.72M,-0.93%
2021-05-18,94600,95300,96000,94500,2.10M,-1.46%
2021-05-19,94100,94600,94600,93800,1.68M,-0.53%
2021-05-20,99000,94100,99000,94100,1.90M,5.21%
2021-05-21,96800,96300,98000,96000,1.46M,-2.22%
2021-05-24,97400,97500,98500,96500,1.81M,0.62%
2021-05-25,99800,97400,100000,97400,3.82M,2.46%
2021-05-26,100400,99900,101800,99700,2.36M,0.60%
2021-05-27,98700,100400,100400,98000,1.46M,-1.69%
2021-05-28,99600,99000,101100,97600,2.20M,0.91%
2021-05-31,98600,101000,101000,98300,2.62M,-1.00%
2021-06-01,103700,99400,104200,98700,4.53M,5.17%
2021-06-02,106000,104000,107500,103700,4.27M,2.22%
2021-06-03,106700,106100,108000,106000,2.80M,0.66%
2021-06-04,104900,106500,106500,104100,2.41M,-1.69%
2021-06-07,103000,104300,104900,101200,2.97M,-1.81%
2021-06-08,100000,103000,104000,100000,2.35M,-2.91%
2021-06-09,102000,100000,102000,99200,2.39M,2.00%
2021-06-10,101800,102000,102900,100000,2.26M,-0.20%
2021-06-11,102800,101100,103500,100500,2.05M,0.98%
2021-06-14,102000,102100,103400,101300,1.46M,-0.78%
2021-06-15,102800,102100,103000,101000,1.42M,0.78%
2021-06-16,104000,102500,106000,102500,2.90M,1.17%
2021-06-17,104200,104000,105000,102000,1.56M,0.19%
2021-06-18,108500,104500,109000,104300,3.23M,4.13%
2021-06-21,106600,108000,108200,106000,2.11M,-1.75%
2021-06-22,107600,107100,108500,106500,1.48M,0.94%
2021-06-23,109700,108000,111000,107000,2.25M,1.95%
2021-06-24,110700,110000,110800,107800,1.14M,0.91%
2021-06-25,112600,110700,112800,108900,1.69M,1.72%
2021-06-28,112600,112600,113000,111100,1.52M,0.00%
2021-06-29,114000,112000,114000,111500,1.85M,1.24%
2021-06-30,116400,114000,117200,114000,2.77M,2.11%
2021-07-01,116400,116700,116800,115000,1.84M,0.00%
2021-07-02,114900,116400,116600,114000,1.73M,-1.29%
2021-07-05,113600,113900,113900,110900,2.05M,-1.13%
2021-07-06,112000,112500,115000,112000,1.67M,-1.41%
2021-07-07,113400,112000,113400,106000,2.68M,1.25%
2021-07-08,111000,111200,113000,109000,1.38M,-2.12%
2021-07-09,109800,110000,111100,106800,2.94M,-1.08%
2021-07-12,107100,109500,109500,103100,2.48M,-2.46%
2021-07-13,103400,106900,106900,102100,1.87M,-3.45%
2021-07-14,101800,103400,103500,100000,2.25M,-1.55%
2021-07-15,102500,100200,104500,100200,2.32M,0.69%
2021-07-16,102500,102500,103400,101000,1.47M,0.00%
2021-07-19,97000,100000,100200,95900,2.54M,-5.37%
2021-07-20,100200,97800,101000,93500,2.39M,3.30%
2021-07-21,99000,99500,100500,98300,1.46M,-1.20%
2021-07-22,100300,98900,100700,98000,1.46M,1.31%
2021-07-23,97000,99300,99800,97000,1.70M,-3.29%
2021-07-26,96000,96500,97500,95700,1.26M,-1.03%
2021-07-27,95000,97500,97600,95000,2.65M,-1.04%
2021-07-28,97000,95100,97000,95100,1.49M,2.11%
2021-07-29,97900,97400,97900,97000,1.19M,0.93%
2021-07-30,98000,97300,98800,97200,1.35M,0.10%
2021-08-02,97000,97000,98700,96400,1.29M,-1.02%
2021-08-03,98800,97100,98800,97000,1.27M,1.86%
2021-08-04,98500,99200,99300,98100,1.16M,-0.30%
2021-08-05,99400,98000,99500,97900,1.13M,0.91%
2021-08-06,98100,99800,99800,98100,1.11M,-1.31%
2021-08-09,98300,98100,98900,97700,1.23M,0.20%
2021-08-10,99000,99000,99200,98500,1.56M,0.71%
2021-08-11,100500,99300,101700,99100,1.71M,1.52%
2021-08-12,99900,100500,100800,99500,986.60K,-0.60%
2021-08-13,99600,99900,99900,98300,1.33M,-0.30%
2021-08-16,100600,99600,100600,99000,1.99M,1.00%
2021-08-17,101000,102500,103000,101000,1.69M,0.40%
2021-08-18,101000,101000,102500,99700,1.85M,0.00%
2021-08-19,102800,100700,103000,99800,2.58M,1.78%
2021-08-20,100100,101200,101900,99400,1.80M,-2.63%
2021-08-23,97300,99000,100000,96600,2.14M,-2.80%
2021-08-24,97000,99200,99200,96500,1.07M,-0.31%
2021-08-25,97500,97000,99000,96800,1.07M,0.52%
2021-08-26,96800,97800,99000,96800,1.08M,-0.72%
2021-08-27,97800,96000,98500,96000,1.11M,1.03%
2021-08-30,99300,98400,99400,97800,1.22M,1.53%
2021-08-31,99400,99500,99900,98300,747.50K,0.10%
2021-09-01,99400,99400,99900,96000,907.50K,0.00%
2021-09-06,100000,99400,100100,99400,905.00K,0.60%
2021-09-07,100000,99900,100800,99800,1.04M,0.00%
2021-09-08,99700,100000,100100,96800,863.00K,-0.30%
2021-09-09,99700,99600,99800,98000,332.80K,0.00%
