Date,Price,Open,High,Low,Vol.
2019-01-02,891.75,900.10,900.10,891.10,111.52K
2019-01-03,878.22,889.78,892.21,872.12,156.58K
2019-01-04,880.90,872.69,881.48,861.85,136.57K
2019-01-07,889.64,890.47,896.63,885.30,127.55K
2019-01-08,887.44,891.37,891.87,883.67,112.83K
2019-01-09,896.99,890.26,897.25,888.61,160.51K
2019-01-10,898.30,897.85,899.47,895.17,130.59K
2019-01-11,902.71,899.10,904.37,899.10,131.41K
2019-01-14,901.80,903.83,903.83,897.18,143.85K
2019-01-15,909.68,901.21,909.68,898.92,127.19K
2019-01-16,908.70,911.32,912.48,906.39,164.29K
2019-01-17,901.89,908.48,909.06,901.89,133.89K
2019-01-18,902.30,902.70,906.35,900.64,140.75K
2019-01-21,911.05,905.25,911.74,903.09,165.63K
2019-01-22,906.55,912.73,913.37,906.55,152.16K
2019-01-23,908.18,905.73,910.12,905.12,129.14K
2019-01-24,908.79,908.56,910.59,906.59,110.29K
2019-01-25,908.88,908.86,911.59,907.96,117.59K
2019-01-28,912.18,912.53,913.43,908.90,133.32K
2019-01-29,915.93,913.67,915.93,907.09,121.44K
2019-01-30,915.84,914.08,917.80,913.48,139.40K
2019-01-31,910.65,919.12,920.36,910.38,138.05K
2019-02-01,908.67,911.98,912.81,907.52,140.80K
2019-02-11,926.10,916.21,926.10,916.07,124.64K
2019-02-12,937.54,930.37,938.64,926.98,188.42K
2019-02-13,945.25,937.61,945.25,937.34,215.28K
2019-02-14,952.34,946.54,953.66,945.99,181.06K
2019-02-15,950.89,951.90,955.40,948.26,160.69K
2019-02-18,961.30,954.85,961.30,953.32,194.65K
2019-02-19,964.35,962.84,971.92,962.81,231.96K
2019-02-20,970.58,963.29,972.75,963.29,170.88K
2019-02-21,987.57,972.82,987.57,970.31,178.58K
2019-02-22,988.91,983.99,993.16,982.86,215.63K
2019-02-25,994.43,996.06,999.90,992.72,227.74K
2019-02-26,987.06,991.63,996.44,979.24,251.65K
2019-02-27,990.27,989.61,994.46,988.09,258.93K
2019-02-28,965.47,989.84,990.25,965.47,224.81K
2019-03-01,979.63,971.05,980.82,970.54,170.04K
2019-03-04,993.99,983.50,994.46,983.33,235.64K
2019-03-05,992.45,990.08,1000.25,987.92,297.44K
2019-03-06,994.49,993.01,994.49,985.51,250.93K
2019-03-07,994.03,995.65,1004.55,994.03,210.70K
2019-03-08,985.25,987.89,991.98,984.48,202.51K
2019-03-11,984.60,982.94,987.11,981.34,178.66K
2019-03-12,1001.32,991.14,1001.32,990.46,208.19K
2019-03-13,1005.41,1003.75,1009.77,1003.01,229.38K
2019-03-14,1008.44,1006.37,1011.39,1002.09,224.54K
2019-03-15,1004.12,1008.44,1008.44,1001.10,250.28K
2019-03-18,1011.86,1004.12,1013.29,1004.12,230.55K
2019-03-19,1006.59,1013.75,1014.51,1004.22,236.59K
2019-03-20,1002.30,1002.86,1003.25,992.02,300.09K
2019-03-21,981.78,1005.12,1006.37,981.78,200.03K
2019-03-22,988.71,984.90,990.07,981.30,206.93K
2019-03-25,970.07,976.53,976.53,964.76,245.78K
2019-03-26,969.79,970.07,978.99,966.90,175.42K
2019-03-27,975.91,976.67,979.32,972.25,159.94K
2019-03-28,982.98,973.44,983.18,972.60,217.07K
2019-03-29,980.76,985.35,988.24,980.76,173.91K
2019-04-01,988.53,980.76,988.53,980.76,188.62K
2019-04-02,985.81,994.87,996.41,985.48,236.02K
2019-04-03,984.46,984.74,985.26,980.30,216.94K
2019-04-04,986.91,987.47,989.08,982.94,165.31K
2019-04-05,989.26,986.91,990.38,986.39,189.29K
2019-04-08,997.56,989.26,997.56,989.26,163.69K
2019-04-09,988.48,999.89,1000.02,987.82,165.18K
2019-04-10,981.91,984.79,987.27,976.83,159.91K
2019-04-11,985.95,984.46,985.95,981.06,129.48K
2019-04-12,982.90,984.66,984.69,980.26,153.83K
2019-04-16,977.17,970.87,978.53,963.06,150.02K
2019-04-17,972.10,977.17,980.71,972.10,186.72K
2019-04-18,962.30,969.50,973.73,962.05,160.39K
2019-04-19,966.21,968.27,971.73,965.46,106.98K
2019-04-22,965.86,963.78,966.69,959.33,216.34K
2019-04-23,968.00,964.84,970.98,964.35,154.89K
2019-04-24,976.92,969.66,978.71,969.66,134.07K
2019-04-25,974.13,976.46,976.46,971.92,149.12K
2019-04-26,979.64,972.86,979.64,970.73,118.54K
2019-05-02,978.50,978.81,979.93,975.51,152.16K
2019-05-03,974.14,976.77,977.13,971.75,148.57K
2019-05-06,957.97,964.37,964.89,955.41,155.65K
2019-05-07,957.56,961.31,965.61,955.42,145.34K
2019-05-08,951.22,950.10,953.88,947.86,143.30K
2019-05-09,947.01,950.66,953.66,944.91,181.40K
2019-05-10,952.55,950.37,953.92,947.85,131.03K
2019-05-13,958.54,952.11,958.54,951.76,232.04K
2019-05-14,965.34,952.13,965.34,952.13,158.18K
2019-05-15,975.64,967.95,977.65,967.95,188.85K
2019-05-16,975.69,976.96,981.22,975.69,170.22K
2019-05-17,976.48,977.85,980.04,974.91,135.09K
2019-05-20,987.13,975.95,987.13,974.47,153.16K
2019-05-21,986.29,989.67,992.84,986.07,206.56K
2019-05-22,983.78,986.66,992.26,982.68,174.96K
2019-05-23,982.71,982.00,984.57,977.17,160.09K
2019-05-24,970.03,976.59,983.14,970.03,168.34K
2019-05-27,975.14,970.73,975.40,970.41,138.47K
2019-05-28,972.00,977.02,978.80,969.51,148.99K
2019-05-29,971.54,973.31,974.96,969.55,145.31K
2019-05-30,969.34,971.01,974.56,967.21,159.99K
2019-05-31,959.88,968.53,969.94,959.88,136.53K
2019-06-03,946.47,953.58,955.78,940.28,184.66K
2019-06-04,951.16,945.62,951.42,943.21,162.40K
2019-06-05,951.41,955.80,958.39,951.39,131.58K
2019-06-06,948.21,951.41,951.41,939.35,125.90K
2019-06-07,958.28,951.64,958.28,950.94,148.04K
2019-06-10,962.90,963.78,966.90,958.60,154.90K
2019-06-11,962.07,962.43,964.81,959.98,136.38K
2019-06-12,954.17,960.60,960.60,953.83,138.11K
2019-06-13,950.08,951.26,952.06,946.29,142.81K
2019-06-14,953.61,948.65,954.70,948.65,155.88K
2019-06-17,946.95,953.97,955.18,944.47,174.37K
2019-06-18,944.01,945.73,947.30,938.95,166.94K
2019-06-19,949.69,948.92,950.04,946.83,147.36K
2019-06-20,959.18,949.48,962.33,948.97,185.49K
2019-06-21,959.20,962.69,964.52,959.12,206.14K
2019-06-24,962.85,960.29,967.11,959.80,150.30K
2019-06-25,960.13,961.19,963.23,960.06,164.35K
2019-06-26,959.13,960.13,962.70,958.38,252.32K
2019-06-27,943.11,959.48,959.48,943.11,159.03K
2019-06-28,949.94,944.53,949.94,939.12,182.63K
2019-07-01,965.61,958.92,965.61,957.66,166.45K
2019-07-02,961.98,964.77,966.76,959.80,138.22K
2019-07-03,960.39,960.44,961.67,956.91,136.59K
2019-07-04,973.04,961.78,973.04,961.65,189.90K
2019-07-05,975.34,973.04,975.34,970.16,137.92K
2019-07-08,966.35,972.83,972.83,963.84,165.88K
2019-07-09,969.05,965.24,969.05,963.05,169.48K
2019-07-10,973.65,971.19,974.96,971.19,154.56K
2019-07-11,978.63,976.95,980.02,975.03,161.66K
2019-07-12,975.40,980.11,982.10,974.32,157.31K
2019-07-15,972.53,975.57,975.66,970.93,150.55K
2019-07-16,982.11,975.05,982.11,975.05,174.67K
2019-07-17,982.57,981.49,985.59,979.05,170.02K
2019-07-18,976.05,979.16,979.49,975.01,139.85K
2019-07-19,982.34,978.12,986.12,978.12,170.27K
2019-07-22,982.04,981.17,985.13,980.08,164.37K
2019-07-23,989.46,981.38,990.45,980.22,184.83K
2019-07-24,988.41,993.01,994.85,986.34,169.64K
2019-07-25,994.95,986.85,997.49,986.85,171.79K
2019-07-26,993.35,994.80,998.52,992.97,152.41K
2019-07-29,997.94,994.23,997.94,988.29,147.83K
2019-07-30,986.02,1001.46,1002.77,986.02,154.32K
2019-07-31,991.66,986.00,993.40,982.64,172.88K
2019-08-01,997.39,993.25,997.39,990.88,222.66K
2019-08-02,991.10,987.55,991.39,985.69,186.79K
2019-08-05,973.15,988.60,988.99,973.15,195.93K
2019-08-06,964.61,960.29,966.15,958.39,210.93K
2019-08-07,965.93,967.18,971.96,961.64,219.15K
2019-08-08,975.24,965.93,975.83,964.21,219.24K
2019-08-09,974.34,976.41,978.69,974.33,192.31K
2019-08-12,975.31,975.38,977.63,973.22,174.55K
2019-08-13,966.83,972.70,973.09,964.03,181.50K
2019-08-14,968.91,975.88,975.99,968.91,151.49K
2019-08-15,979.38,958.05,979.38,955.76,182.91K
2019-08-16,980.00,974.88,985.61,974.88,198.01K
2019-08-19,981.03,984.04,985.48,979.17,158.09K
2019-08-20,984.67,983.94,985.35,981.75,177.94K
2019-08-21,994.38,984.36,995.44,983.30,201.56K
2019-08-22,997.26,996.41,998.67,993.23,153.00K
2019-08-23,992.45,998.21,998.21,990.83,162.57K
2019-08-26,982.88,983.80,984.61,977.00,189.79K
2019-08-27,976.79,986.33,988.49,976.79,199.81K
2019-08-28,977.26,977.10,981.35,977.10,147.21K
2019-08-29,978.59,978.17,978.78,973.34,138.39K
2019-08-30,984.06,980.25,984.87,980.25,143.16K
2019-09-03,979.36,984.79,985.21,978.62,186.48K
2019-09-04,977.63,977.97,979.91,973.37,157.39K
2019-09-05,976.79,979.83,981.67,976.79,159.54K
2019-09-06,974.08,977.83,978.73,973.87,161.16K
2019-09-09,974.12,974.53,975.03,972.47,155.33K
2019-09-10,970.26,974.62,977.44,968.36,161.45K
2019-09-11,969.31,969.59,973.13,967.14,154.51K
2019-09-12,976.07,972.39,976.07,972.31,141.32K
2019-09-13,987.22,976.07,987.22,975.95,189.23K
2019-09-16,989.86,987.07,992.60,986.72,187.15K
2019-09-17,996.74,990.06,996.74,986.96,231.44K
2019-09-18,995.15,995.75,998.40,993.94,191.04K
2019-09-19,997.10,995.49,997.20,990.55,186.92K
2019-09-20,990.36,997.60,998.56,990.36,203.60K
2019-09-23,985.75,991.75,993.98,985.75,207.51K
2019-09-24,988.13,986.33,991.36,984.94,165.04K
2019-09-25,987.30,985.96,989.18,983.06,171.57K
2019-09-26,990.75,988.70,991.66,986.35,152.56K
2019-09-27,997.84,992.26,998.34,991.50,180.74K
2019-09-30,996.56,999.92,1004.17,996.51,176.22K
2019-10-01,999.59,997.87,999.72,996.20,210.25K
2019-10-02,991.19,999.18,1000.93,989.63,178.78K
2019-10-03,989.67,985.65,992.45,983.35,140.12K
2019-10-04,987.59,993.69,994.81,987.59,205.01K
2019-10-07,983.09,989.45,990.34,983.09,178.90K
2019-10-08,988.22,983.62,988.51,981.89,178.38K
2019-10-09,987.83,987.82,992.00,986.74,182.54K
2019-10-10,987.38,988.81,990.89,986.93,182.98K
2019-10-11,991.84,988.57,991.84,987.62,168.61K
2019-10-14,993.57,994.61,997.25,992.50,193.98K
2019-10-15,993.05,993.55,994.75,990.74,179.97K
2019-10-16,994.46,995.75,997.41,993.42,188.13K
2019-10-17,989.82,995.04,995.81,989.82,191.55K
2019-10-18,989.20,992.00,993.03,988.41,174.42K
2019-10-21,983.56,988.18,988.82,983.56,200.33K
2019-10-22,987.19,983.52,987.59,983.52,231.65K
2019-10-23,987.79,987.04,989.61,985.52,179.02K
2019-10-24,993.60,988.85,993.60,987.65,160.03K
2019-10-25,996.57,993.91,996.67,992.91,173.49K
2019-10-28,996.48,998.27,999.94,996.48,183.76K
2019-10-29,995.87,997.77,999.88,995.87,249.48K
2019-10-30,1000.89,996.83,1003.40,994.86,181.19K
2019-10-31,998.82,1000.89,1004.40,998.58,218.98K
2019-11-01,1015.59,998.82,1015.88,998.82,241.34K
2019-11-04,1022.43,1019.00,1023.92,1015.86,232.79K
2019-11-05,1024.34,1022.77,1026.53,1021.63,199.37K
2019-11-06,1024.91,1023.43,1028.97,1023.42,225.00K
2019-11-07,1024.03,1023.49,1028.45,1022.61,193.39K
2019-11-08,1022.49,1026.98,1027.39,1021.11,181.37K
2019-11-11,1016.75,1023.32,1024.77,1016.35,210.43K
2019-11-12,1018.33,1016.97,1021.84,1015.97,223.16K
2019-11-13,1012.77,1019.07,1020.09,1010.80,286.97K
2019-11-14,1012.30,1013.85,1016.71,1010.60,209.40K
2019-11-15,1010.03,1012.93,1015.16,1005.10,212.33K
2019-11-18,1002.91,1010.03,1012.09,1002.63,184.31K
2019-11-19,1008.35,1002.89,1008.35,1001.35,232.36K
2019-11-20,1000.56,1009.21,1009.21,1000.56,210.31K
2019-11-21,987.89,999.37,999.63,987.89,215.01K
2019-11-22,977.78,992.73,993.70,971.03,230.36K
2019-11-25,976.35,977.85,979.60,971.24,189.32K
2019-11-26,976.79,976.35,981.96,976.35,192.50K
2019-11-27,978.17,978.98,982.76,978.17,197.96K
2019-11-28,970.39,977.66,979.17,967.68,191.26K
2019-11-29,970.75,971.10,972.89,968.03,167.27K
2019-12-02,959.31,971.42,972.91,958.30,211.00K
2019-12-03,953.43,957.40,960.82,950.96,264.94K
2019-12-04,965.90,952.51,965.90,950.13,210.10K
2019-12-05,963.27,969.00,969.53,962.16,194.54K
2019-12-06,963.56,962.38,965.41,960.99,171.82K
2019-12-09,966.06,963.91,967.57,962.59,273.26K
2019-12-10,960.30,965.92,966.58,955.14,242.73K
2019-12-11,961.78,960.59,961.78,954.56,216.48K
2019-12-12,968.17,963.39,968.39,962.72,218.75K
2019-12-13,966.18,969.43,971.84,965.93,219.16K
2019-12-16,961.47,966.00,966.00,960.39,278.44K
2019-12-17,954.03,962.49,962.79,954.03,280.85K
2019-12-18,951.13,951.52,954.18,949.86,323.41K
2019-12-19,952.26,950.61,955.85,946.74,222.47K
2019-12-20,956.41,953.55,957.52,952.71,243.33K
2019-12-23,959.43,959.55,960.71,958.07,241.52K
2019-12-24,958.88,959.43,959.43,953.29,229.67K
2019-12-25,960.92,958.18,962.83,957.50,238.32K
2019-12-26,958.59,960.67,962.11,957.43,265.94K
2019-12-27,963.51,957.70,963.51,954.19,180.52K
2019-12-30,965.03,962.89,967.52,962.47,177.74K
2019-12-31,960.99,965.71,965.71,958.22,185.24K
2020-01-02,966.67,960.26,966.67,959.67,200.60K
2020-01-03,965.14,968.72,970.88,965.14,174.13K
2020-01-06,955.79,962.79,963.20,955.59,187.20K
2020-01-07,958.88,955.79,959.46,953.19,181.63K
2020-01-08,948.98,954.13,955.84,945.28,319.17K
2020-01-09,960.15,953.86,960.73,952.16,166.15K
2020-01-10,968.54,961.17,969.71,961.17,222.16K
2020-01-13,965.84,966.89,968.63,964.79,147.15K
2020-01-14,967.00,966.26,968.85,965.76,190.35K
2020-01-15,967.56,967.69,967.69,964.84,150.04K
2020-01-16,974.31,967.20,974.70,967.17,201.25K
2020-01-17,978.96,976.28,980.02,973.79,164.14K
2020-01-20,978.63,978.23,979.85,975.93,148.80K
2020-01-21,986.37,978.82,986.37,978.82,157.67K
2020-01-22,991.46,986.52,991.46,983.92,152.35K
2020-01-30,959.58,975.15,977.72,954.00,198.51K
2020-01-31,936.62,959.58,960.96,936.62,253.95K
2020-02-03,928.14,916.60,930.37,891.85,275.52K
2020-02-04,929.09,929.42,934.91,919.33,197.69K
2020-02-05,925.91,934.75,936.33,921.89,197.38K
2020-02-06,938.54,926.66,938.54,925.21,223.67K
2020-02-07,940.75,938.61,943.48,935.94,194.17K
2020-02-10,930.73,934.38,935.87,926.61,153.97K
2020-02-11,934.67,930.73,936.04,930.73,179.35K
2020-02-12,937.68,940.72,943.11,937.34,228.04K
2020-02-13,938.24,937.19,939.10,934.47,177.73K
2020-02-14,937.45,939.28,940.65,936.47,204.35K
2020-02-17,934.77,938.52,938.52,931.66,183.25K
2020-02-18,927.93,934.47,934.98,926.01,187.76K
2020-02-19,928.76,926.41,931.66,925.86,192.17K
2020-02-20,938.13,933.69,938.13,930.41,198.34K
2020-02-21,933.09,938.13,940.53,932.32,206.75K
2020-02-24,903.34,917.49,917.49,903.34,291.88K
2020-02-25,909.67,893.95,909.67,893.95,221.12K
2020-02-26,895.97,901.51,903.27,894.25,142.58K
2020-02-27,898.44,892.15,899.34,889.14,163.29K
2020-02-28,882.19,885.47,887.07,872.46,241.89K
2020-03-02,884.43,878.43,886.45,877.31,206.64K
2020-03-03,890.61,895.39,896.39,890.06,212.74K
2020-03-04,889.37,887.85,889.85,882.83,238.45K
2020-03-05,893.31,892.71,898.43,891.20,231.34K
2020-03-06,891.44,888.96,891.44,882.71,214.34K
2020-03-09,835.49,875.80,875.80,834.67,309.10K
2020-03-10,837.50,813.83,843.28,806.63,298.02K
2020-03-11,811.35,843.52,844.94,794.54,318.57K
2020-03-12,769.25,778.06,778.06,762.12,339.23K
2020-03-13,761.78,750.56,764.69,723.42,354.71K
2020-03-16,747.86,758.28,758.59,737.58,292.25K
2020-03-17,745.78,724.07,750.03,721.84,287.28K
2020-03-18,747.66,747.40,752.65,742.12,259.02K
2020-03-19,725.94,732.35,733.43,714.02,353.39K
2020-03-20,709.73,728.55,729.35,709.73,230.59K
2020-03-23,666.59,694.77,694.77,664.23,280.25K
2020-03-24,659.21,666.59,666.59,652.27,245.15K
2020-03-25,690.25,669.76,690.25,667.58,270.18K
2020-03-26,694.21,689.00,700.76,680.10,221.85K
2020-03-27,696.06,692.54,703.22,682.52,327.99K
2020-03-30,662.26,663.91,665.56,657.36,233.10K
2020-03-31,662.53,669.74,678.64,649.10,262.79K
2020-04-01,680.23,658.80,684.96,657.41,267.02K
2020-04-03,701.80,687.92,701.80,687.92,233.09K
2020-04-06,736.75,716.22,736.75,715.39,334.90K
2020-04-07,746.69,744.97,749.13,730.28,292.97K
2020-04-08,748.02,740.03,748.36,730.12,252.29K
2020-04-09,760.33,751.08,765.87,751.08,298.47K
2020-04-10,757.94,759.08,764.36,751.59,338.40K
2020-04-13,765.79,762.99,774.62,762.53,235.28K
2020-04-14,767.41,769.01,769.53,753.85,266.78K
2020-04-15,777.22,768.05,779.52,768.01,302.62K
2020-04-16,780.70,773.11,781.06,770.91,250.94K
2020-04-17,789.60,786.96,790.95,783.74,309.86K
2020-04-20,794.97,796.17,797.49,786.73,336.05K
2020-04-21,766.84,794.97,794.97,761.96,397.40K
2020-04-22,768.92,752.80,774.94,749.97,253.44K
2020-04-23,773.91,768.92,785.60,768.92,205.80K
2020-04-24,776.66,777.28,778.30,767.31,262.27K
2020-04-27,770.77,780.65,785.74,770.77,307.36K
2020-04-28,767.21,773.31,776.13,763.66,219.40K
2020-04-29,769.11,768.59,772.62,768.19,250.08K
2020-05-04,762.47,766.14,769.73,761.64,285.57K
2020-05-05,764.16,763.22,767.03,760.04,212.38K
2020-05-06,782.59,767.30,782.59,765.37,272.45K
2020-05-07,796.54,785.08,796.54,785.08,240.80K
2020-05-08,813.73,800.32,825.72,800.20,371.34K
2020-05-11,828.33,818.26,828.33,812.48,353.42K
2020-05-12,835.32,827.29,835.95,819.66,322.21K
2020-05-13,834.21,835.32,839.59,815.13,374.60K
2020-05-14,832.40,830.97,836.19,826.17,341.12K
2020-05-15,827.03,835.42,838.47,824.59,301.89K
2020-05-18,837.01,827.49,837.61,823.08,254.05K
2020-05-19,845.92,852.14,854.25,844.15,385.27K
2020-05-20,852.91,843.26,852.91,842.21,265.77K
2020-05-21,862.73,854.93,862.73,854.04,331.91K
2020-05-22,852.74,859.29,860.65,852.08,303.98K
2020-05-25,859.04,852.90,860.45,849.12,307.23K
2020-05-26,869.13,861.47,869.65,860.22,328.35K
2020-05-27,857.48,869.13,875.35,857.48,388.90K
2020-05-28,861.39,858.97,866.17,856.48,322.22K
2020-05-29,864.47,861.59,866.95,859.26,318.19K
2020-06-01,878.67,868.97,878.67,868.97,476.52K
2020-06-02,874.80,879.23,882.73,874.53,484.71K
2020-06-03,881.17,876.73,881.17,874.01,351.96K
2020-06-04,883.90,883.22,888.32,883.22,431.12K
2020-06-05,886.22,883.40,886.59,878.50,499.61K
2020-06-08,899.92,888.70,905.65,888.70,572.02K
2020-06-09,899.43,902.26,904.89,898.87,501.73K
2020-06-10,900.00,898.78,902.69,890.30,542.87K
2020-06-11,867.37,900.48,903.70,867.37,707.46K
2020-06-12,863.52,841.85,863.52,841.44,620.77K
2020-06-15,832.47,867.52,868.16,832.47,708.24K
2020-06-16,856.13,848.86,858.70,844.67,412.45K
2020-06-17,854.44,861.05,861.05,852.27,354.84K
2020-06-18,855.27,850.92,858.03,847.49,280.31K
2020-06-19,868.56,857.77,868.56,857.77,440.09K
2020-06-22,871.28,871.56,872.94,867.37,350.37K
2020-06-23,868.20,871.12,873.20,864.02,455.36K
2020-06-24,859.71,868.20,873.13,857.58,370.92K
2020-06-25,854.59,851.09,856.23,849.65,312.30K
2020-06-26,851.98,859.07,862.59,850.66,300.39K
2020-06-29,829.36,846.26,846.53,826.00,389.64K
2020-06-30,825.11,836.72,840.31,821.92,358.39K
2020-07-01,843.49,827.67,844.26,826.38,303.55K
2020-07-02,842.38,845.66,845.66,838.48,223.80K
2020-07-03,847.61,845.26,848.16,843.25,203.00K
2020-07-06,861.16,851.47,861.85,850.04,215.09K
2020-07-07,863.42,865.46,870.63,863.42,330.90K
2020-07-08,864.50,861.75,865.58,859.98,237.54K
2020-07-09,876.46,867.66,878.36,867.45,306.08K
2020-07-10,871.21,873.70,878.53,867.59,291.11K
2020-07-13,868.72,874.85,876.83,866.99,246.07K
2020-07-14,868.11,865.01,868.11,860.28,239.14K
2020-07-15,869.91,872.80,876.69,869.91,258.29K
2020-07-16,876.83,871.81,876.83,869.25,243.47K
2020-07-17,872.02,873.48,875.07,871.89,270.68K
2020-07-20,861.40,870.66,871.64,861.40,285.08K
2020-07-21,861.69,863.94,864.70,856.94,245.41K
2020-07-22,855.08,862.80,864.00,854.97,278.60K
2020-07-23,856.75,854.92,857.22,851.97,240.50K
2020-07-24,829.16,854.23,854.57,816.65,505.10K
2020-07-27,785.17,794.14,808.74,780.64,422.71K
2020-07-28,813.36,786.72,814.40,786.67,328.49K
2020-07-29,790.84,800.39,800.39,779.82,362.09K
2020-07-30,801.13,796.22,802.97,794.88,188.95K
2020-07-31,798.39,787.78,803.55,786.98,249.63K
2020-08-03,814.65,796.86,814.84,796.47,298.14K
2020-08-04,827.57,822.86,827.57,820.20,277.45K
2020-08-05,837.80,827.54,839.52,820.74,306.64K
2020-08-06,840.04,838.01,844.16,833.56,257.02K
2020-08-07,841.46,840.65,844.33,836.84,259.89K
2020-08-10,843.20,845.11,849.52,843.20,309.30K
2020-08-11,843.08,847.61,847.61,840.35,249.00K
2020-08-12,846.92,844.19,848.54,842.88,272.49K
2020-08-13,855.05,849.96,855.19,849.86,256.25K
2020-08-14,850.74,854.29,860.32,848.38,304.71K
2020-08-17,850.15,848.08,852.05,841.62,237.51K
2020-08-18,846.43,850.15,851.06,845.00,227.51K
2020-08-19,851.21,847.19,853.15,846.22,240.15K
2020-08-20,848.21,851.21,856.99,847.44,285.69K
2020-08-21,854.78,849.99,856.45,849.69,286.82K
2020-08-24,868.68,860.35,868.68,860.35,381.52K
2020-08-25,874.12,870.92,877.57,870.92,399.07K
2020-08-26,873.47,873.62,876.97,871.78,352.38K
2020-08-27,874.71,872.38,875.71,871.93,325.72K
2020-08-28,878.98,878.79,885.86,877.70,398.32K
2020-08-31,881.65,882.13,888.44,879.26,352.65K
2020-09-01,891.73,882.40,892.51,880.79,317.00K
2020-09-03,903.97,898.25,904.32,896.26,370.49K
2020-09-04,901.54,896.02,903.11,893.86,346.44K
2020-09-07,888.25,903.85,905.80,888.25,434.06K
2020-09-08,890.14,891.61,894.58,884.88,294.02K
2020-09-09,889.32,883.68,892.40,881.57,318.44K
2020-09-10,888.82,895.29,896.78,888.82,387.24K
2020-09-11,888.97,888.82,890.98,884.67,309.91K
2020-09-14,894.57,891.89,895.31,891.89,364.43K
2020-09-15,896.26,896.61,898.74,894.66,381.80K
2020-09-16,897.47,897.43,897.58,894.63,290.43K
2020-09-17,894.04,897.47,899.41,890.93,395.46K
2020-09-18,900.95,896.08,902.11,895.82,361.84K
2020-09-21,907.94,904.50,909.78,904.50,403.44K
2020-09-22,906.19,905.90,909.69,902.47,401.41K
2020-09-23,912.50,908.97,913.52,908.97,392.51K
2020-09-24,908.58,910.53,914.51,907.32,398.46K
2020-09-25,908.27,910.78,911.30,905.56,361.23K
2020-09-28,912.50,911.20,913.60,910.04,420.24K
2020-09-29,903.98,916.63,917.49,903.98,465.36K
2020-09-30,905.21,904.34,907.00,900.44,340.69K
2020-10-01,914.09,910.13,914.09,909.13,352.45K
2020-10-02,909.91,914.09,916.67,897.72,527.16K
2020-10-05,914.68,913.77,915.55,910.96,456.10K
2020-10-06,915.67,918.11,918.93,912.77,496.13K
2020-10-07,919.72,913.62,923.57,912.69,523.96K
2020-10-08,918.84,922.08,922.08,913.89,470.30K
2020-10-09,924.00,919.48,924.00,917.70,388.13K
2020-10-12,925.83,930.78,933.13,923.28,457.23K
2020-10-13,929.86,926.76,930.96,923.78,359.02K
2020-10-14,940.18,931.89,940.18,931.89,474.92K
2020-10-15,942.76,945.28,945.93,938.70,470.51K
2020-10-16,943.30,944.03,946.23,935.98,443.33K
2020-10-19,943.69,945.01,946.29,941.92,389.47K
2020-10-20,944.42,941.00,944.54,937.32,444.33K
2020-10-21,939.03,947.16,948.20,939.00,412.65K
2020-10-22,949.90,938.06,949.90,933.78,365.12K
2020-10-23,961.26,953.45,961.26,953.14,452.49K
2020-10-26,950.80,967.52,970.15,950.80,428.25K
2020-10-27,946.47,950.80,954.72,946.28,455.85K
2020-10-28,921.05,942.82,946.91,921.05,456.06K
2020-10-29,919.08,916.49,925.84,914.33,436.13K
2020-10-30,925.47,925.41,926.32,911.20,312.75K
2020-11-02,933.68,926.09,933.68,924.14,297.60K
2020-11-03,935.41,936.73,937.57,932.18,318.70K
2020-11-04,939.76,935.41,943.56,933.86,350.87K
2020-11-05,937.75,940.32,945.51,937.75,304.33K
2020-11-06,938.29,939.73,941.20,934.63,268.23K
2020-11-09,951.99,942.15,951.99,942.15,393.20K
2020-11-10,951.90,962.68,963.47,951.90,456.75K
2020-11-11,952.22,954.46,956.65,947.61,376.51K
2020-11-12,959.28,953.97,959.28,953.62,343.91K
2020-11-13,966.29,959.56,966.29,959.13,457.83K
2020-11-16,950.79,970.11,972.98,950.50,518.93K
2020-11-17,968.90,955.52,968.90,953.22,400.96K
2020-11-18,973.53,969.48,974.30,966.32,478.68K
2020-11-19,983.26,975.32,983.26,974.33,500.12K
2020-11-20,990.00,984.71,990.00,980.72,501.05K
2020-11-23,994.19,991.87,995.90,985.38,489.69K
2020-11-24,995.76,996.55,997.99,984.92,550.07K
2020-11-25,999.94,1000.39,1002.31,996.80,475.74K
2020-11-26,1005.97,999.24,1005.97,994.91,493.56K
2020-11-27,1010.22,1006.68,1010.22,1004.00,446.44K
2020-11-30,1003.08,1011.82,1012.50,1002.61,532.93K
2020-12-01,1008.87,988.71,1008.87,988.71,583.31K
2020-12-02,1014.32,1008.77,1015.86,1007.91,684.53K
2020-12-03,1019.80,1016.73,1020.35,1014.06,518.91K
2020-12-04,1021.49,1019.80,1025.17,1018.67,553.59K
2020-12-07,1029.98,1024.34,1030.41,1022.14,520.34K
2020-12-08,1029.26,1029.98,1032.58,1025.63,527.67K
2020-12-09,1039.13,1029.26,1039.55,1029.26,586.05K
2020-12-10,1030.91,1041.65,1044.10,1030.91,626.45K
2020-12-11,1045.96,1033.19,1045.96,1030.06,463.77K
2020-12-14,1064.09,1048.97,1064.09,1048.97,583.59K
2020-12-15,1055.27,1062.02,1067.45,1052.01,675.18K
2020-12-16,1066.99,1058.34,1066.99,1057.21,591.57K
2020-12-17,1051.77,1065.85,1065.85,1051.42,667.89K
2020-12-18,1067.46,1055.75,1068.56,1055.75,623.64K
2020-12-21,1081.08,1071.62,1081.60,1070.86,713.66K
2020-12-22,1083.45,1081.85,1084.23,1077.06,756.11K
2020-12-23,1078.90,1087.89,1094.09,1077.92,813.17K
2020-12-24,1067.52,1083.83,1084.76,1046.89,757.32K
2020-12-25,1084.42,1068.83,1084.42,1061.83,652.81K
2020-12-28,1091.33,1094.37,1096.11,1083.90,723.88K
2020-12-29,1099.49,1090.49,1102.79,1087.93,678.82K
2020-12-30,1097.54,1099.78,1108.83,1094.91,676.98K
2020-12-31,1103.87,1098.25,1105.33,1096.27,527.82K
2021-01-04,1120.47,1113.77,1126.43,1113.59,764.04K
2021-01-05,1132.55,1116.96,1134.45,1116.49,763.43K
2021-01-06,1143.21,1139.12,1152.85,1133.70,790.45K
2021-01-07,1156.49,1147.26,1156.49,1143.44,763.74K
2021-01-08,1167.69,1164.10,1176.33,1160.48,808.31K
2021-01-11,1184.89,1176.47,1186.45,1175.00,845.85K
2021-01-12,1192.28,1190.38,1192.28,1179.24,719.94K
2021-01-13,1186.05,1197.32,1200.82,1183.18,819.29K
2021-01-14,1187.40,1189.48,1190.50,1178.84,779.34K
2021-01-15,1194.20,1188.84,1197.74,1188.84,783.11K
2021-01-18,1191.94,1198.79,1200.85,1190.33,747.42K
2021-01-19,1131.00,1189.91,1189.91,1117.17,986.19K
2021-01-20,1134.68,1136.50,1142.48,1098.05,839.30K
2021-01-21,1164.21,1146.86,1164.21,1132.66,721.92K
2021-01-22,1166.78,1166.77,1175.72,1161.43,758.32K
2021-01-25,1166.05,1164.20,1172.18,1162.80,707.24K
2021-01-26,1136.12,1164.97,1164.97,1121.03,782.27K
2021-01-27,1097.17,1122.41,1132.99,1088.86,785.70K
2021-01-28,1023.94,1041.71,1052.16,1022.77,767.87K
2021-01-29,1056.61,998.33,1076.11,998.33,797.39K
2021-02-01,1035.51,1056.61,1074.52,1035.51,634.33K
2021-02-02,1075.53,1036.95,1075.53,1029.36,602.62K
2021-02-03,1111.29,1084.87,1113.24,1082.95,703.18K
2021-02-04,1112.19,1112.97,1117.88,1098.85,523.41K
2021-02-05,1126.91,1114.79,1126.91,1112.19,529.87K
2021-02-08,1083.18,1127.06,1127.06,1075.10,696.60K
2021-02-09,1114.93,1090.88,1114.93,1078.98,519.81K
2021-02-17,1155.78,1127.46,1155.78,1127.46,568.03K
2021-02-18,1174.38,1157.10,1174.38,1148.66,614.82K
2021-02-19,1173.50,1160.65,1178.18,1157.60,578.28K
2021-02-22,1175.04,1173.57,1182.67,1169.12,630.04K
2021-02-23,1177.64,1174.57,1184.32,1168.32,598.27K
2021-02-24,1162.01,1184.32,1185.58,1154.36,603.00K
2021-02-25,1165.43,1169.97,1169.97,1155.74,510.43K
2021-02-26,1168.47,1148.88,1169.28,1148.88,554.46K
2021-03-01,1186.17,1176.93,1186.82,1174.45,643.38K
2021-03-02,1186.61,1196.16,1196.16,1181.99,577.01K
2021-03-03,1186.95,1184.73,1189.18,1180.25,631.67K
2021-03-04,1168.52,1191.78,1191.90,1159.48,673.45K
2021-03-05,1168.69,1164.19,1169.56,1155.60,594.84K
2021-03-08,1168.27,1180.33,1181.25,1164.02,652.70K
2021-03-09,1161.97,1160.96,1166.42,1150.94,641.43K
2021-03-10,1170.08,1163.86,1170.59,1154.89,723.92K
2021-03-11,1181.73,1170.08,1183.73,1170.08,629.10K
2021-03-12,1181.56,1185.21,1186.52,1178.14,624.71K
2021-03-15,1184.56,1183.89,1186.06,1178.80,676.96K
2021-03-16,1179.90,1184.91,1184.91,1171.76,683.85K
2021-03-17,1186.09,1178.64,1186.09,1176.26,701.09K
2021-03-18,1200.94,1196.60,1200.94,1191.94,628.64K
2021-03-19,1194.05,1195.47,1199.67,1191.96,680.90K
2021-03-22,1194.43,1200.05,1200.21,1189.31,700.87K
2021-03-23,1183.45,1190.28,1191.47,1177.10,683.72K
2021-03-24,1161.81,1169.42,1174.20,1154.22,750.48K
2021-03-25,1163.10,1164.41,1170.76,1154.44,690.73K
2021-03-26,1162.21,1162.71,1165.76,1137.90,670.46K
2021-03-29,1175.68,1169.65,1175.77,1165.78,660.95K
2021-03-30,1186.36,1179.64,1187.29,1172.85,780.73K
2021-03-31,1191.44,1186.36,1196.45,1186.36,703.08K
2021-04-01,1216.10,1194.59,1217.26,1192.83,672.84K
2021-04-02,1224.45,1225.76,1228.29,1221.07,661.89K
2021-04-05,1236.05,1245.28,1245.28,1228.18,693.04K
2021-04-06,1239.96,1233.37,1244.63,1231.14,694.06K
2021-04-07,1242.38,1237.39,1242.38,1232.52,727.82K
2021-04-08,1234.89,1242.38,1246.40,1232.26,664.51K
2021-04-09,1231.66,1231.51,1234.98,1227.60,732.82K
2021-04-12,1252.45,1236.79,1252.45,1232.35,890.31K
2021-04-13,1248.33,1262.44,1268.02,1247.66,1.03M
2021-04-14,1255.87,1240.90,1255.87,1233.01,861.96K
2021-04-15,1247.25,1262.25,1265.87,1247.25,806.49K
2021-04-16,1238.71,1245.06,1254.61,1227.14,986.88K
2021-04-19,1260.58,1243.58,1260.58,1233.77,817.13K
2021-04-20,1268.28,1267.74,1286.32,1261.28,843.60K
2021-04-22,1227.82,1264.31,1271.98,1227.82,770.37K
2021-04-23,1248.53,1227.18,1248.53,1216.15,716.52K
2021-04-26,1215.77,1251.25,1251.25,1214.14,744.95K
2021-04-27,1219.75,1213.84,1220.96,1204.14,618.17K
2021-04-28,1229.55,1220.26,1230.91,1217.49,612.70K
2021-04-29,1239.39,1234.91,1239.39,1231.25,647.16K
2021-05-04,1242.20,1222.08,1242.80,1212.56,798.49K
2021-05-05,1256.43,1244.69,1265.93,1244.69,744.43K
2021-05-06,1250.57,1255.42,1261.49,1246.64,730.50K
2021-05-07,1241.81,1245.48,1250.50,1231.92,783.04K
2021-05-10,1259.58,1239.96,1259.58,1236.85,773.06K
2021-05-11,1256.04,1265.11,1272.55,1256.04,770.09K
2021-05-12,1269.09,1251.97,1269.09,1249.18,700.67K
2021-05-13,1261.99,1262.98,1273.49,1261.99,711.52K
2021-05-14,1266.36,1266.43,1271.45,1259.97,730.99K
2021-05-17,1258.70,1272.55,1277.83,1258.50,758.29K
2021-05-18,1252.68,1259.57,1262.22,1249.02,692.48K
2021-05-19,1262.49,1254.78,1262.71,1250.58,694.35K
2021-05-20,1278.22,1264.62,1278.22,1255.78,745.21K
2021-05-21,1283.93,1272.84,1289.03,1268.46,698.93K
2021-05-24,1297.98,1287.50,1299.83,1287.36,715.51K
2021-05-25,1308.58,1299.19,1308.58,1297.23,679.06K
2021-05-26,1316.70,1308.04,1317.30,1304.68,713.07K
2021-05-27,1303.57,1318.42,1319.67,1299.99,733.00K
2021-05-28,1320.46,1307.79,1323.09,1300.06,768.85K
2021-05-31,1328.05,1326.65,1328.05,1307.56,737.18K
2021-06-01,1337.78,1329.47,1346.34,1328.84,629.42K
2021-06-02,1340.78,1337.78,1344.98,1330.82,805.24K
2021-06-03,1364.28,1345.21,1366.00,1345.21,898.88K
2021-06-04,1374.05,1367.06,1374.05,1360.42,943.33K
2021-06-07,1358.78,1374.59,1375.74,1347.21,876.69K
2021-06-08,1319.88,1355.36,1364.48,1318.11,924.51K
2021-06-09,1332.90,1323.52,1339.14,1312.08,822.29K
2021-06-10,1323.58,1332.90,1336.71,1317.49,723.49K
2021-06-11,1351.74,1326.79,1352.47,1322.08,731.26K
2021-06-14,1361.72,1352.73,1368.53,1352.73,775.73K
2021-06-15,1367.36,1361.58,1372.72,1356.59,730.94K
2021-06-16,1356.52,1363.85,1370.14,1350.73,769.63K
2021-06-17,1359.92,1341.06,1364.55,1337.49,768.73K
2021-06-18,1377.77,1366.19,1377.77,1363.52,809.47K
2021-06-21,1372.63,1373.59,1381.74,1367.85,768.18K
2021-06-22,1379.97,1380.84,1385.98,1375.00,746.95K
2021-06-23,1376.87,1383.15,1388.33,1372.06,710.77K
2021-06-24,1379.72,1376.87,1384.71,1372.99,591.75K
2021-06-25,1390.12,1382.11,1390.12,1372.80,598.11K
2021-06-28,1405.81,1397.96,1406.02,1390.56,699.51K
2021-06-29,1410.04,1408.34,1416.34,1406.87,647.39K
2021-06-30,1408.55,1410.83,1419.61,1408.18,595.29K
2021-07-01,1417.08,1412.15,1417.27,1402.18,753.56K
2021-07-02,1420.27,1422.89,1424.28,1415.82,706.83K
2021-07-05,1411.13,1420.27,1420.27,1399.34,814.46K
2021-07-06,1354.79,1417.10,1417.95,1354.79,799.51K
2021-07-07,1388.55,1354.79,1388.55,1334.58,785.19K
2021-07-08,1374.68,1388.55,1388.55,1363.92,552.30K
2021-07-09,1347.14,1374.68,1374.68,1335.90,713.99K
2021-07-12,1296.30,1347.14,1347.14,1270.06,912.74K
2021-07-13,1297.54,1296.30,1307.73,1278.30,500.18K
2021-07-14,1279.91,1297.54,1305.37,1264.68,547.97K
2021-07-15,1293.92,1279.91,1299.18,1270.77,419.14K
2021-07-16,1299.31,1293.92,1304.37,1293.92,415.12K
2021-07-19,1243.51,1299.31,1299.31,1237.79,731.02K
2021-07-20,1273.29,1243.51,1273.29,1225.52,568.60K
2021-07-21,1270.79,1273.29,1284.33,1266.71,451.95K
2021-07-22,1293.67,1270.79,1294.16,1266.54,536.41K
2021-07-23,1268.83,1293.67,1295.63,1268.83,582.25K
2021-07-26,1272.71,1268.83,1277.33,1254.57,508.55K
2021-07-27,1276.93,1272.71,1288.35,1272.71,566.75K
2021-07-28,1277.07,1276.93,1281.17,1271.78,406.89K
2021-07-29,1293.60,1277.07,1293.60,1277.07,491.06K
2021-07-30,1310.05,1293.60,1311.97,1293.60,644.44K
2021-08-02,1314.22,1310.05,1322.35,1304.49,614.53K
2021-08-03,1332.44,1314.22,1332.44,1314.22,647.01K
2021-08-04,1334.74,1332.44,1340.76,1328.40,661.80K
2021-08-05,1345.55,1334.74,1346.62,1326.80,635.47K
2021-08-06,1341.45,1345.55,1351.85,1341.45,736.16K
2021-08-09,1359.86,1341.45,1361.12,1334.69,688.43K
2021-08-10,1362.43,1359.86,1370.35,1358.12,716.54K
2021-08-11,1371.04,1362.43,1374.03,1362.43,390.07K
