Date,Price,Open,High,Low,Change %
2015-08-10,1104.51,1094.39,1109.20,1089.80,0.94%
2015-08-11,1109.01,1104.41,1119.40,1093.65,0.41%
2015-08-12,1125.30,1108.91,1125.80,1101.75,1.47%
2015-08-13,1115.05,1125.46,1126.71,1113.42,-0.91%
2015-08-14,1114.11,1115.16,1121.40,1111.81,-0.08%
2015-08-17,1117.66,1114.35,1123.05,1113.70,0.32%
2015-08-18,1118.01,1117.91,1121.60,1109.55,0.03%
2015-08-19,1134.46,1118.01,1134.66,1116.35,1.47%
2015-08-20,1153.16,1133.95,1154.50,1132.81,1.65%
2015-08-21,1161.05,1153.91,1168.80,1148.85,0.68%
2015-08-24,1155.05,1162.35,1167.90,1146.75,-0.52%
2015-08-25,1140.65,1155.45,1157.20,1134.90,-1.25%
2015-08-26,1125.55,1141.15,1147.00,1117.75,-1.32%
2015-08-27,1125.71,1125.65,1129.80,1118.15,0.01%
2015-08-28,1133.96,1125.80,1141.20,1123.70,0.73%
2015-08-31,1134.50,1133.25,1136.80,1125.96,0.05%
2015-09-01,1140.11,1135.01,1147.57,1134.51,0.49%
2015-09-02,1134.05,1139.49,1143.00,1132.31,-0.53%
2015-09-03,1125.25,1134.01,1134.50,1121.75,-0.78%
2015-09-04,1123.00,1125.25,1130.20,1117.15,-0.20%
2015-09-07,1119.47,1123.22,1124.88,1116.58,-0.31%
2015-09-08,1121.80,1119.30,1126.80,1118.45,0.21%
2015-09-09,1106.10,1121.96,1125.80,1101.51,-1.40%
2015-09-10,1111.55,1106.81,1115.30,1104.00,0.49%
2015-09-11,1107.90,1111.56,1113.40,1098.75,-0.33%
2015-09-14,1108.80,1107.80,1110.70,1103.40,0.08%
2015-09-15,1105.40,1108.19,1109.80,1102.91,-0.31%
2015-09-16,1119.55,1105.50,1124.70,1103.95,1.28%
2015-09-17,1131.40,1118.89,1133.40,1115.40,1.06%
2015-09-18,1139.40,1130.85,1141.90,1127.30,0.71%
2015-09-21,1133.30,1139.40,1140.10,1130.00,-0.54%
2015-09-22,1124.80,1133.16,1136.60,1121.18,-0.75%
2015-09-23,1130.40,1124.10,1134.40,1121.75,0.50%
2015-09-24,1154.01,1130.61,1156.70,1130.45,2.09%
2015-09-25,1146.24,1150.97,1151.18,1140.84,-0.67%
2015-09-28,1132.05,1145.80,1148.30,1128.10,-1.24%
2015-09-29,1127.46,1132.25,1134.90,1124.35,-0.41%
2015-09-30,1115.00,1127.46,1128.20,1112.00,-1.11%
2015-10-01,1113.55,1115.14,1119.29,1111.13,-0.13%
2015-10-02,1138.14,1114.08,1141.90,1104.52,2.21%
2015-10-05,1135.75,1137.71,1141.95,1129.73,-0.21%
2015-10-06,1147.11,1135.65,1151.61,1135.11,1.00%
2015-10-07,1145.40,1146.96,1153.70,1141.96,-0.15%
2015-10-08,1138.96,1145.49,1151.60,1136.90,-0.56%
2015-10-09,1157.53,1139.10,1160.20,1138.80,1.63%
2015-10-12,1164.00,1155.71,1169.40,1154.90,0.56%
2015-10-13,1168.80,1163.55,1169.00,1151.56,0.41%
2015-10-14,1185.19,1168.59,1190.38,1164.05,1.40%
2015-10-15,1183.11,1184.10,1191.04,1176.37,-0.18%
2015-10-16,1177.20,1182.21,1184.50,1174.25,-0.50%
2015-10-19,1170.45,1176.00,1177.90,1168.25,-0.57%
2015-10-20,1176.11,1171.00,1180.70,1167.15,0.48%
2015-10-21,1167.10,1175.81,1179.60,1163.90,-0.77%
2015-10-22,1166.05,1167.06,1172.20,1162.90,-0.09%
2015-10-23,1164.26,1165.61,1179.80,1159.16,-0.15%
2015-10-26,1163.20,1164.45,1169.60,1162.30,-0.09%
2015-10-27,1166.95,1162.96,1168.90,1160.91,0.32%
2015-10-28,1156.10,1166.75,1182.90,1152.40,-0.93%
2015-10-29,1145.91,1156.09,1162.76,1144.60,-0.88%
2015-10-30,1142.38,1148.04,1150.47,1139.48,-0.31%
2015-11-02,1133.75,1141.49,1143.01,1132.75,-0.76%
2015-11-03,1117.60,1133.60,1138.30,1114.48,-1.42%
2015-11-04,1107.44,1117.63,1122.85,1106.38,-0.91%
2015-11-05,1103.95,1107.56,1111.61,1102.75,-0.32%
2015-11-06,1088.64,1103.89,1110.68,1085.29,-1.39%
2015-11-09,1092.10,1089.94,1095.88,1088.34,0.32%
2015-11-10,1089.91,1092.01,1094.90,1085.45,-0.20%
2015-11-11,1086.14,1089.85,1093.69,1084.04,-0.35%
2015-11-12,1085.05,1086.26,1089.60,1074.66,-0.10%
2015-11-13,1083.64,1085.05,1088.29,1080.04,-0.13%
2015-11-16,1082.85,1088.14,1098.29,1081.32,-0.07%
2015-11-17,1070.37,1082.86,1084.82,1065.59,-1.15%
2015-11-18,1071.14,1070.30,1073.18,1065.34,0.07%
2015-11-19,1082.40,1071.15,1086.50,1069.75,1.05%
2015-11-20,1078.10,1082.30,1087.80,1075.68,-0.40%
2015-11-23,1069.34,1077.01,1077.01,1067.00,-0.81%
2015-11-24,1075.49,1069.24,1080.89,1068.99,0.58%
2015-11-25,1071.39,1075.55,1080.85,1067.75,-0.38%
2015-11-26,1072.25,1071.91,1075.46,1070.35,0.08%
2015-11-27,1058.81,1071.59,1073.90,1052.86,-1.25%
2015-11-30,1064.42,1057.80,1068.90,1053.10,0.53%
2015-12-01,1069.49,1064.55,1074.72,1063.38,0.48%
2015-12-02,1053.69,1069.49,1071.55,1050.63,-1.48%
2015-12-03,1062.57,1053.71,1065.80,1046.25,0.84%
2015-12-04,1086.99,1062.39,1089.09,1058.14,2.30%
2015-12-07,1070.39,1086.01,1087.00,1070.06,-1.53%
2015-12-08,1074.69,1070.49,1078.85,1067.63,0.40%
2015-12-09,1073.21,1074.74,1085.60,1069.59,-0.14%
2015-12-10,1071.54,1073.21,1076.46,1069.70,-0.16%
2015-12-11,1074.89,1071.60,1079.98,1062.38,0.31%
2015-12-14,1062.90,1073.69,1077.70,1062.77,-1.12%
2015-12-15,1060.74,1062.89,1068.89,1059.59,-0.20%
2015-12-16,1072.94,1060.73,1078.59,1060.64,1.15%
2015-12-17,1051.74,1072.85,1073.09,1047.64,-1.98%
2015-12-18,1066.19,1051.72,1070.79,1051.05,1.37%
2015-12-21,1078.44,1065.94,1081.88,1063.88,1.15%
2015-12-22,1072.36,1078.41,1081.00,1071.85,-0.56%
2015-12-23,1070.35,1072.21,1075.75,1068.25,-0.19%
2015-12-24,1075.88,1070.90,1077.85,1070.05,0.52%
2015-12-25,1075.88,1075.88,1075.88,1075.88,0.00%
2015-12-28,1069.05,1076.00,1077.15,1066.30,-0.63%
2015-12-29,1068.99,1069.20,1075.79,1067.29,-0.01%
2015-12-30,1061.45,1069.38,1072.85,1059.55,-0.71%
2015-12-31,1061.30,1061.38,1063.68,1058.38,-0.01%
2016-01-01,1060.74,1061.21,1061.41,1060.74,-0.05%
2016-01-04,1074.70,1065.36,1083.70,1061.90,1.32%
2016-01-05,1077.66,1074.66,1082.30,1072.70,0.28%
2016-01-06,1094.45,1077.55,1095.45,1074.70,1.56%
2016-01-07,1109.25,1094.45,1110.20,1091.09,1.35%
2016-01-08,1104.24,1109.45,1112.40,1093.93,-0.45%
2016-01-11,1094.26,1104.19,1108.51,1093.91,-0.90%
2016-01-12,1087.05,1094.30,1099.54,1083.61,-0.66%
2016-01-13,1093.49,1087.29,1095.68,1079.64,0.59%
2016-01-14,1078.00,1093.52,1095.36,1071.40,-1.42%
2016-01-15,1089.10,1077.94,1097.59,1076.18,1.03%
2016-01-18,1088.90,1089.51,1093.26,1087.25,-0.02%
2016-01-19,1087.12,1088.84,1094.70,1082.95,-0.16%
2016-01-20,1101.02,1087.10,1109.60,1086.73,1.28%
2016-01-21,1101.60,1101.04,1104.98,1092.54,0.05%
2016-01-22,1098.30,1101.60,1102.98,1093.98,-0.30%
2016-01-25,1108.05,1097.85,1109.05,1097.35,0.89%
2016-01-26,1120.57,1108.02,1123.30,1107.17,1.13%
2016-01-27,1125.59,1120.36,1128.20,1114.90,0.45%
2016-01-28,1115.14,1125.57,1126.01,1111.96,-0.93%
2016-01-29,1118.04,1115.16,1118.50,1108.90,0.26%
2016-02-01,1128.85,1117.88,1130.09,1116.24,0.97%
2016-02-02,1129.12,1128.82,1130.70,1122.44,0.02%
2016-02-03,1142.93,1129.16,1146.00,1124.35,1.22%
2016-02-04,1155.74,1142.95,1157.59,1139.43,1.12%
2016-02-05,1173.69,1155.74,1174.90,1145.36,1.55%
2016-02-08,1191.14,1170.89,1200.98,1164.09,1.49%
2016-02-09,1188.85,1191.14,1199.29,1185.48,-0.19%
2016-02-10,1197.49,1188.95,1197.74,1181.29,0.73%
2016-02-11,1246.89,1197.44,1260.98,1196.21,4.13%
2016-02-12,1238.05,1246.94,1249.05,1232.23,-0.71%
2016-02-15,1209.95,1232.81,1234.82,1202.30,-2.27%
2016-02-16,1200.35,1209.32,1217.18,1190.79,-0.79%
2016-02-17,1209.14,1200.19,1213.88,1195.79,0.73%
2016-02-18,1232.35,1209.16,1239.90,1200.75,1.92%
2016-02-19,1228.19,1233.12,1234.79,1219.79,-0.34%
2016-02-22,1208.74,1226.14,1226.35,1202.02,-1.58%
2016-02-23,1227.46,1208.76,1227.56,1207.20,1.55%
2016-02-24,1229.35,1227.39,1253.30,1221.93,0.15%
2016-02-25,1234.64,1229.44,1243.09,1221.18,0.43%
2016-02-26,1222.60,1234.44,1240.05,1211.59,-0.98%
2016-02-29,1238.14,1222.73,1241.29,1217.98,1.27%
2016-03-01,1232.26,1238.19,1249.00,1227.44,-0.47%
2016-03-02,1240.30,1232.35,1244.29,1224.48,0.65%
2016-03-03,1263.69,1240.30,1267.44,1237.34,1.89%
2016-03-04,1259.44,1263.89,1279.98,1250.29,-0.34%
2016-03-07,1267.39,1259.48,1273.29,1256.68,0.63%
2016-03-08,1261.10,1267.49,1278.19,1260.04,-0.50%
2016-03-09,1252.94,1261.30,1264.99,1243.87,-0.65%
2016-03-10,1271.44,1252.89,1273.79,1237.44,1.48%
2016-03-11,1248.44,1271.44,1282.89,1248.44,-1.81%
2016-03-14,1235.28,1250.98,1261.09,1229.28,-1.05%
2016-03-15,1232.38,1234.68,1237.58,1226.08,-0.23%
2016-03-16,1263.08,1232.84,1264.38,1227.24,2.49%
2016-03-17,1257.90,1261.70,1271.65,1254.65,-0.41%
2016-03-18,1255.30,1258.16,1267.22,1248.30,-0.21%
2016-03-21,1243.74,1254.70,1256.12,1240.76,-0.92%
2016-03-22,1248.38,1244.22,1259.97,1242.47,0.37%
2016-03-23,1220.17,1248.18,1249.47,1215.47,-2.26%
2016-03-24,1216.99,1221.20,1224.40,1213.01,-0.26%
2016-03-25,1216.47,1216.47,1216.47,1216.47,-0.04%
2016-03-28,1221.05,1214.51,1222.96,1208.55,0.38%
2016-03-29,1242.55,1221.40,1243.65,1215.65,1.76%
2016-03-30,1224.85,1241.30,1243.30,1223.33,-1.42%
2016-03-31,1232.70,1226.06,1240.05,1224.81,0.64%
2016-04-01,1222.49,1232.68,1235.36,1208.84,-0.83%
2016-04-04,1215.40,1220.35,1223.35,1214.70,-0.58%
2016-04-05,1231.14,1215.31,1237.05,1214.90,1.30%
2016-04-06,1222.35,1231.86,1232.41,1217.20,-0.71%
2016-04-07,1240.69,1223.16,1243.90,1222.70,1.50%
2016-04-08,1240.39,1240.18,1243.18,1229.62,-0.02%
2016-04-11,1257.95,1239.79,1259.10,1239.79,1.42%
2016-04-12,1255.94,1259.05,1262.98,1251.29,-0.16%
2016-04-13,1243.14,1255.88,1257.18,1240.24,-1.02%
2016-04-14,1227.39,1242.05,1244.38,1223.79,-1.27%
2016-04-15,1234.05,1227.55,1236.29,1225.29,0.54%
2016-04-18,1231.55,1234.10,1242.00,1230.16,-0.20%
2016-04-19,1250.50,1232.46,1257.20,1227.70,1.54%
2016-04-20,1244.05,1251.00,1258.75,1242.60,-0.52%
2016-04-21,1248.85,1243.49,1270.48,1242.88,0.39%
2016-04-22,1232.30,1247.44,1252.98,1227.35,-1.33%
2016-04-25,1237.90,1232.10,1242.30,1230.10,0.45%
2016-04-26,1243.44,1238.57,1245.15,1231.95,0.45%
2016-04-27,1246.10,1242.60,1251.30,1240.66,0.21%
2016-04-28,1266.48,1245.66,1270.10,1238.05,1.64%
2016-04-29,1293.74,1266.27,1296.49,1265.14,2.15%
2016-05-02,1291.60,1293.69,1303.98,1287.48,-0.17%
2016-05-03,1286.00,1291.76,1302.40,1282.46,-0.43%
2016-05-04,1279.49,1285.99,1289.68,1271.64,-0.51%
2016-05-05,1278.05,1279.85,1286.38,1269.24,-0.11%
2016-05-06,1288.70,1278.50,1296.10,1274.40,0.83%
2016-05-09,1263.85,1284.93,1287.98,1261.09,-1.93%
2016-05-10,1266.40,1264.11,1269.50,1257.65,0.20%
2016-05-11,1277.69,1265.73,1279.18,1264.79,0.89%
2016-05-12,1263.49,1277.80,1280.99,1263.49,-1.11%
2016-05-13,1273.60,1263.61,1276.60,1263.51,0.80%
2016-05-16,1273.86,1272.51,1288.60,1271.33,0.02%
2016-05-17,1280.00,1274.06,1282.50,1269.50,0.48%
2016-05-18,1258.30,1279.71,1281.51,1255.05,-1.70%
2016-05-19,1255.10,1258.60,1261.92,1245.00,-0.25%
2016-05-20,1252.30,1255.24,1259.98,1248.70,-0.22%
2016-05-23,1249.24,1251.41,1256.36,1243.39,-0.24%
2016-05-24,1227.00,1249.21,1251.26,1226.53,-1.78%
2016-05-25,1224.18,1227.00,1230.21,1217.65,-0.23%
2016-05-26,1220.15,1223.40,1234.01,1218.55,-0.33%
2016-05-27,1212.40,1219.86,1223.70,1206.70,-0.64%
2016-05-30,1205.58,1213.38,1213.83,1199.97,-0.56%
2016-05-31,1215.24,1206.45,1218.86,1206.20,0.80%
2016-06-01,1213.35,1216.40,1221.25,1206.50,-0.16%
2016-06-02,1210.95,1213.62,1218.05,1209.99,-0.20%
2016-06-03,1244.49,1211.16,1244.91,1207.01,2.77%
2016-06-06,1245.24,1242.79,1248.79,1239.93,0.06%
2016-06-07,1243.85,1245.56,1246.66,1234.90,-0.11%
2016-06-08,1262.14,1244.64,1264.19,1243.09,1.47%
2016-06-09,1269.15,1262.55,1272.06,1257.56,0.56%
2016-06-10,1274.20,1269.41,1278.10,1264.47,0.40%
2016-06-13,1284.05,1274.05,1287.40,1272.70,0.77%
2016-06-14,1285.85,1283.39,1290.18,1276.38,0.14%
2016-06-15,1291.49,1285.14,1297.09,1278.43,0.44%
2016-06-16,1279.14,1293.51,1316.11,1278.77,-0.96%
2016-06-17,1298.60,1279.35,1299.88,1277.19,1.52%
2016-06-20,1290.15,1285.80,1292.36,1277.74,-0.65%
2016-06-21,1268.44,1288.68,1294.38,1264.48,-1.68%
2016-06-22,1266.31,1268.45,1271.00,1261.41,-0.17%
2016-06-23,1255.65,1264.31,1271.65,1255.46,-0.84%
2016-06-24,1315.98,1253.86,1358.70,1251.66,4.80%
2016-06-27,1324.80,1326.26,1335.70,1317.85,0.67%
2016-06-28,1312.51,1324.45,1326.39,1305.62,-0.93%
2016-06-29,1318.89,1312.39,1328.23,1311.29,0.49%
2016-06-30,1322.18,1317.71,1324.11,1312.95,0.25%
2016-07-01,1342.30,1323.38,1344.60,1320.88,1.52%
2016-07-04,1350.78,1342.58,1357.97,1338.34,0.63%
2016-07-05,1356.14,1351.15,1357.71,1338.43,0.40%
2016-07-06,1363.89,1356.74,1375.30,1356.23,0.57%
2016-07-07,1360.60,1363.56,1370.26,1350.80,-0.24%
2016-07-08,1366.80,1359.21,1369.09,1336.08,0.46%
2016-07-11,1355.25,1368.71,1375.11,1351.20,-0.85%
2016-07-12,1331.65,1355.16,1358.20,1330.15,-1.74%
2016-07-13,1342.85,1332.40,1345.60,1327.70,0.84%
2016-07-14,1335.10,1344.01,1347.10,1320.22,-0.58%
2016-07-15,1337.85,1336.31,1338.90,1322.55,0.21%
2016-07-18,1328.79,1332.81,1335.70,1323.84,-0.68%
2016-07-19,1332.13,1328.51,1335.29,1325.61,0.25%
2016-07-20,1315.95,1331.81,1336.34,1312.49,-1.21%
2016-07-21,1331.09,1316.31,1334.38,1310.95,1.15%
2016-07-22,1322.38,1330.94,1334.22,1319.58,-0.65%
2016-07-25,1315.56,1322.59,1324.12,1312.43,-0.52%
2016-07-26,1320.32,1315.59,1325.08,1313.83,0.36%
2016-07-27,1339.86,1320.04,1342.62,1315.74,1.48%
2016-07-28,1335.79,1339.38,1345.53,1332.23,-0.30%
2016-07-29,1350.91,1335.75,1355.42,1330.00,1.13%
2016-08-01,1353.21,1349.88,1355.22,1346.24,0.17%
2016-08-02,1363.68,1353.47,1367.81,1347.06,0.77%
2016-08-03,1357.90,1363.65,1366.85,1354.16,-0.42%
2016-08-04,1361.20,1358.41,1365.45,1348.90,0.24%
2016-08-05,1335.80,1360.72,1365.51,1334.87,-1.87%
2016-08-08,1335.38,1335.18,1338.53,1329.84,-0.03%
2016-08-09,1340.75,1334.85,1343.24,1330.47,0.40%
2016-08-10,1346.67,1340.95,1357.57,1340.30,0.44%
2016-08-11,1338.87,1347.26,1353.78,1335.93,-0.58%
2016-08-12,1336.19,1338.70,1356.28,1333.98,-0.20%
2016-08-15,1339.36,1338.08,1344.21,1335.95,0.24%
2016-08-16,1346.08,1339.69,1358.38,1339.47,0.50%
2016-08-17,1348.66,1345.70,1352.07,1337.70,0.19%
2016-08-18,1352.34,1349.05,1356.60,1345.84,0.27%
2016-08-19,1341.78,1352.91,1353.44,1337.93,-0.78%
2016-08-22,1339.02,1340.83,1341.65,1332.10,-0.21%
2016-08-23,1338.10,1339.34,1345.45,1335.65,-0.07%
2016-08-24,1323.75,1337.88,1340.52,1323.70,-1.07%
2016-08-25,1321.70,1323.75,1327.50,1317.96,-0.15%
2016-08-26,1321.33,1321.89,1341.54,1318.89,-0.03%
2016-08-29,1323.41,1320.47,1325.43,1315.10,0.16%
2016-08-30,1311.15,1323.20,1325.70,1309.15,-0.93%
2016-08-31,1308.95,1311.25,1316.54,1305.41,-0.17%
2016-09-01,1313.79,1309.12,1315.38,1302.23,0.37%
2016-09-02,1325.01,1314.13,1329.09,1309.51,0.85%
2016-09-05,1327.08,1324.42,1329.32,1322.31,0.16%
2016-09-06,1349.88,1325.37,1352.16,1324.77,1.72%
2016-09-07,1345.24,1348.67,1353.01,1342.74,-0.34%
2016-09-08,1338.35,1345.11,1349.78,1335.54,-0.51%
2016-09-09,1328.15,1338.41,1340.03,1327.70,-0.76%
2016-09-12,1327.63,1328.29,1330.68,1320.79,-0.04%
2016-09-13,1319.05,1327.99,1332.64,1315.72,-0.65%
2016-09-14,1322.97,1318.88,1326.26,1316.13,0.30%
2016-09-15,1314.25,1322.72,1327.53,1309.70,-0.66%
2016-09-16,1310.43,1313.91,1318.43,1306.62,-0.29%
2016-09-19,1313.39,1310.77,1318.32,1309.27,0.23%
2016-09-20,1315.10,1312.80,1318.50,1312.31,0.13%
2016-09-21,1336.85,1315.10,1337.22,1308.60,1.65%
2016-09-22,1337.30,1335.12,1344.27,1331.56,0.03%
2016-09-23,1337.61,1337.69,1341.06,1333.59,0.02%
2016-09-26,1337.97,1337.07,1342.46,1332.56,0.03%
2016-09-27,1327.36,1337.77,1339.78,1324.81,-0.79%
2016-09-28,1321.41,1326.90,1327.74,1317.89,-0.45%
2016-09-29,1320.27,1322.08,1326.02,1315.89,-0.09%
2016-09-30,1315.96,1320.56,1328.23,1312.83,-0.33%
2016-10-03,1311.96,1318.24,1320.11,1309.58,-0.30%
2016-10-04,1268.30,1312.18,1313.52,1266.81,-3.33%
2016-10-05,1266.70,1269.41,1277.51,1262.12,-0.13%
2016-10-06,1254.74,1267.73,1269.94,1250.20,-0.94%
2016-10-07,1256.97,1255.34,1265.74,1241.68,0.18%
2016-10-10,1259.74,1257.47,1265.35,1256.59,0.22%
2016-10-11,1253.25,1259.06,1262.66,1252.60,-0.52%
2016-10-12,1255.33,1253.45,1259.26,1250.31,0.17%
2016-10-13,1258.12,1256.14,1262.41,1253.53,0.22%
2016-10-14,1250.55,1258.79,1259.65,1247.51,-0.60%
2016-10-17,1255.70,1250.25,1257.67,1250.25,0.41%
2016-10-18,1262.84,1256.60,1265.38,1254.90,0.57%
2016-10-19,1269.40,1262.63,1273.84,1260.24,0.52%
2016-10-20,1266.00,1269.55,1274.02,1264.55,-0.27%
2016-10-21,1266.75,1266.10,1268.43,1261.20,0.06%
2016-10-24,1264.44,1266.21,1272.25,1260.75,-0.18%
2016-10-25,1274.35,1265.67,1277.17,1262.40,0.78%
2016-10-26,1266.99,1273.30,1276.89,1264.58,-0.58%
2016-10-27,1268.30,1267.15,1273.17,1265.40,0.10%
2016-10-28,1276.30,1268.39,1284.53,1262.42,0.63%
2016-10-31,1277.38,1278.01,1279.64,1270.89,0.08%
2016-11-01,1288.15,1277.17,1292.21,1275.55,0.84%
2016-11-02,1297.39,1287.90,1308.26,1287.50,0.72%
2016-11-03,1303.75,1297.16,1306.90,1285.51,0.49%
2016-11-04,1304.25,1302.61,1307.11,1294.65,0.04%
2016-11-07,1281.41,1291.61,1295.90,1277.80,-1.75%
2016-11-08,1275.64,1281.66,1290.84,1273.04,-0.45%
2016-11-09,1278.00,1275.45,1337.60,1269.38,0.19%
2016-11-10,1259.76,1277.68,1292.22,1252.28,-1.43%
2016-11-11,1225.68,1259.82,1265.50,1219.50,-2.71%
2016-11-14,1220.26,1227.91,1231.56,1211.47,-0.44%
2016-11-15,1228.08,1220.24,1231.54,1219.06,0.64%
2016-11-16,1225.30,1228.38,1233.47,1221.60,-0.23%
2016-11-17,1216.39,1225.68,1231.80,1211.12,-0.73%
2016-11-18,1208.69,1216.39,1218.13,1203.90,-0.63%
2016-11-21,1214.05,1208.10,1218.02,1205.74,0.44%
2016-11-22,1212.24,1214.29,1221.45,1206.24,-0.15%
2016-11-23,1187.77,1212.24,1215.05,1181.57,-2.02%
2016-11-24,1184.00,1188.11,1191.34,1181.79,-0.32%
2016-11-25,1183.63,1184.96,1193.96,1171.96,-0.03%
2016-11-28,1193.44,1183.10,1197.60,1182.96,0.83%
2016-11-29,1188.46,1193.30,1195.06,1180.97,-0.42%
2016-11-30,1173.11,1188.72,1195.36,1170.75,-1.29%
2016-12-01,1171.30,1173.29,1177.07,1160.77,-0.15%
2016-12-02,1176.92,1171.05,1178.03,1166.20,0.48%
2016-12-05,1170.26,1182.80,1187.79,1157.08,-0.57%
2016-12-06,1169.74,1170.18,1175.40,1166.53,-0.04%
2016-12-07,1174.00,1169.64,1180.30,1165.35,0.36%
2016-12-08,1170.55,1173.65,1178.62,1168.88,-0.29%
2016-12-09,1157.87,1170.48,1172.22,1156.17,-1.08%
2016-12-12,1162.21,1159.01,1165.85,1151.43,0.37%
2016-12-13,1158.35,1162.45,1165.16,1154.71,-0.33%
2016-12-14,1144.25,1158.39,1165.10,1139.47,-1.22%
2016-12-15,1128.43,1143.81,1144.50,1122.44,-1.38%
2016-12-16,1134.09,1128.44,1141.28,1126.46,0.50%
2016-12-19,1139.05,1134.35,1142.70,1134.14,0.44%
2016-12-20,1132.20,1139.34,1140.08,1125.63,-0.60%
2016-12-21,1131.80,1132.14,1137.50,1129.29,-0.04%
2016-12-22,1128.69,1131.80,1134.17,1127.43,-0.27%
2016-12-23,1133.49,1128.89,1136.12,1128.18,0.43%
2016-12-26,1133.94,1133.94,1133.94,1133.94,0.04%
2016-12-27,1139.35,1134.06,1149.48,1131.85,0.48%
2016-12-28,1142.45,1139.64,1144.84,1136.54,0.27%
2016-12-29,1158.32,1142.39,1159.58,1140.81,1.39%
2016-12-30,1151.85,1158.68,1163.53,1149.49,-0.56%
2017-01-02,1150.52,1150.55,1152.66,1149.66,-0.12%
2017-01-03,1158.91,1150.80,1163.61,1145.77,0.73%
2017-01-04,1163.80,1159.28,1168.23,1156.35,0.42%
2017-01-05,1180.48,1163.67,1184.99,1162.38,1.43%
2017-01-06,1172.81,1180.38,1181.49,1170.37,-0.65%
2017-01-09,1181.27,1172.64,1185.91,1171.89,0.72%
2017-01-10,1187.74,1181.32,1190.57,1179.86,0.55%
2017-01-11,1191.85,1187.74,1198.79,1177.33,0.35%
2017-01-12,1195.66,1191.75,1207.07,1191.00,0.32%
2017-01-13,1197.66,1195.96,1201.20,1187.93,0.17%
2017-01-16,1203.17,1200.55,1208.23,1198.17,0.46%
2017-01-17,1216.54,1202.80,1218.72,1202.38,1.11%
2017-01-18,1203.64,1216.56,1217.60,1201.91,-1.06%
2017-01-19,1205.14,1203.92,1206.88,1195.86,0.12%
2017-01-20,1209.96,1205.16,1215.30,1198.68,0.40%
2017-01-23,1217.48,1209.43,1219.54,1209.27,0.62%
2017-01-24,1208.81,1217.40,1219.66,1206.02,-0.71%
2017-01-25,1200.31,1208.79,1209.84,1192.83,-0.70%
2017-01-26,1188.57,1199.93,1202.67,1184.11,-0.98%
2017-01-27,1191.60,1188.78,1192.06,1181.04,0.25%
2017-01-30,1195.35,1192.85,1199.88,1188.15,0.31%
2017-01-31,1210.63,1195.38,1215.49,1193.83,1.28%
2017-02-01,1209.49,1210.89,1213.59,1198.12,-0.09%
2017-02-02,1215.93,1209.53,1225.41,1208.26,0.53%
2017-02-03,1219.88,1215.89,1221.48,1207.18,0.32%
2017-02-06,1235.59,1219.67,1235.84,1219.01,1.29%
2017-02-07,1233.72,1235.23,1235.86,1227.41,-0.15%
2017-02-08,1241.99,1234.04,1245.06,1230.29,0.67%
2017-02-09,1230.89,1242.48,1244.52,1230.22,-0.89%
2017-02-10,1234.12,1230.62,1237.07,1221.12,0.26%
2017-02-13,1225.44,1231.84,1232.65,1219.37,-0.70%
2017-02-14,1228.61,1225.74,1234.87,1221.75,0.26%
2017-02-15,1232.94,1228.89,1233.61,1216.80,0.35%
2017-02-16,1239.14,1233.34,1242.71,1232.04,0.50%
2017-02-17,1235.29,1239.25,1243.84,1234.52,-0.31%
2017-02-20,1238.38,1235.20,1239.29,1232.62,0.25%
2017-02-21,1235.97,1237.03,1238.92,1225.80,-0.19%
2017-02-22,1237.69,1236.22,1240.72,1231.62,0.14%
2017-02-23,1249.41,1237.79,1251.21,1235.20,0.95%
2017-02-24,1256.94,1249.52,1260.48,1247.54,0.60%
2017-02-27,1252.76,1257.41,1263.88,1250.48,-0.33%
2017-02-28,1248.59,1252.48,1258.37,1247.48,-0.33%
2017-03-01,1248.94,1248.57,1250.68,1236.53,0.03%
2017-03-02,1235.30,1249.44,1250.36,1231.16,-1.09%
2017-03-03,1234.30,1234.80,1236.28,1222.59,-0.08%
2017-03-06,1225.96,1232.81,1237.17,1224.65,-0.68%
2017-03-07,1215.67,1225.62,1227.25,1213.67,-0.84%
2017-03-08,1207.58,1215.65,1218.68,1206.13,-0.67%
2017-03-09,1200.83,1207.63,1209.17,1199.12,-0.56%
2017-03-10,1204.55,1200.80,1206.43,1194.62,0.31%
2017-03-13,1204.05,1205.43,1211.66,1202.47,-0.04%
2017-03-14,1199.08,1204.25,1208.38,1197.54,-0.41%
2017-03-15,1219.40,1199.11,1222.66,1197.93,1.69%
2017-03-16,1226.78,1219.03,1233.51,1217.83,0.61%
2017-03-17,1229.15,1227.31,1232.45,1225.06,0.19%
2017-03-20,1233.90,1229.79,1236.25,1229.51,0.39%
2017-03-21,1245.00,1233.78,1248.10,1226.82,0.90%
2017-03-22,1249.35,1244.15,1251.76,1243.89,0.35%
2017-03-23,1245.30,1248.86,1253.62,1242.84,-0.32%
2017-03-24,1244.17,1244.88,1252.28,1240.72,-0.09%
2017-03-27,1254.30,1248.01,1261.53,1247.69,0.81%
2017-03-28,1251.63,1253.82,1258.46,1247.52,-0.21%
2017-03-29,1252.45,1251.64,1255.16,1247.25,0.07%
2017-03-30,1243.30,1253.10,1254.20,1242.61,-0.73%
2017-03-31,1249.13,1242.83,1251.11,1240.05,0.47%
2017-04-03,1253.35,1248.40,1254.20,1244.55,0.34%
2017-04-04,1256.22,1255.46,1261.90,1254.46,0.23%
2017-04-05,1255.30,1255.73,1257.78,1243.85,-0.07%
2017-04-06,1251.80,1256.40,1259.46,1249.85,-0.28%
2017-04-07,1254.05,1252.11,1270.96,1250.80,0.18%
2017-04-10,1254.73,1254.26,1257.70,1247.50,0.05%
2017-04-11,1274.44,1255.23,1275.55,1253.29,1.57%
2017-04-12,1286.60,1274.51,1287.29,1272.42,0.95%
2017-04-13,1287.74,1285.54,1289.03,1281.74,0.09%
2017-04-14,1285.69,1287.35,1288.75,1285.31,-0.16%
2017-04-17,1284.80,1292.96,1295.92,1281.61,-0.07%
2017-04-18,1289.64,1284.94,1292.70,1279.40,0.38%
2017-04-19,1279.66,1290.21,1291.51,1276.48,-0.77%
2017-04-20,1281.85,1280.06,1283.79,1276.74,0.17%
2017-04-21,1284.50,1281.96,1288.67,1278.43,0.21%
2017-04-24,1275.30,1269.88,1277.48,1266.01,-0.72%
2017-04-25,1263.76,1276.96,1278.57,1261.81,-0.90%
2017-04-26,1269.05,1264.41,1271.10,1260.30,0.42%
2017-04-27,1264.60,1268.80,1270.53,1261.61,-0.35%
2017-04-28,1268.15,1264.26,1269.08,1263.30,0.28%
2017-05-01,1256.80,1268.60,1271.60,1254.16,-0.90%
2017-05-02,1256.90,1256.51,1257.89,1251.48,0.01%
2017-05-03,1238.38,1256.71,1257.29,1236.41,-1.47%
2017-05-04,1227.75,1238.66,1241.77,1225.70,-0.86%
2017-05-05,1227.74,1227.93,1235.79,1225.83,0.00%
2017-05-08,1226.30,1225.67,1237.10,1225.36,-0.12%
2017-05-09,1221.30,1226.12,1229.01,1214.21,-0.41%
2017-05-10,1219.15,1221.42,1226.15,1217.49,-0.18%
2017-05-11,1224.85,1218.74,1228.20,1217.81,0.47%
2017-05-12,1228.83,1225.41,1232.26,1224.55,0.32%
2017-05-15,1230.71,1228.40,1237.76,1227.20,0.15%
2017-05-16,1236.80,1231.46,1239.50,1230.51,0.49%
2017-05-17,1260.74,1237.31,1261.55,1236.30,1.94%
2017-05-18,1247.05,1261.56,1265.54,1245.90,-1.09%
2017-05-19,1255.55,1246.67,1256.98,1246.61,0.68%
2017-05-22,1260.46,1256.10,1263.00,1251.61,0.39%
2017-05-23,1251.16,1260.13,1264.18,1250.46,-0.74%
2017-05-24,1258.55,1251.26,1259.37,1247.70,0.59%
2017-05-25,1255.76,1258.49,1260.08,1253.89,-0.22%
2017-05-26,1267.05,1255.60,1269.88,1252.88,0.90%
2017-05-29,1266.97,1267.47,1269.12,1265.12,-0.01%
2017-05-30,1263.10,1267.24,1270.86,1259.39,-0.31%
2017-05-31,1268.59,1263.05,1274.24,1259.26,0.43%
2017-06-01,1265.64,1268.89,1270.72,1261.49,-0.23%
2017-06-02,1279.98,1266.11,1279.98,1259.00,1.13%
2017-06-05,1279.95,1279.34,1283.77,1278.00,0.00%
2017-06-06,1294.00,1280.26,1296.47,1279.44,1.10%
2017-06-07,1286.91,1294.39,1295.28,1283.00,-0.55%
2017-06-08,1278.90,1287.45,1289.34,1271.49,-0.62%
2017-06-09,1266.40,1279.29,1281.30,1264.74,-0.98%
2017-06-12,1265.74,1267.42,1271.01,1263.95,-0.05%
2017-06-13,1265.85,1264.75,1269.42,1259.66,0.01%
2017-06-14,1261.18,1266.28,1279.87,1257.15,-0.37%
2017-06-15,1254.00,1260.70,1267.04,1251.68,-0.57%
2017-06-16,1253.63,1254.36,1257.63,1251.55,-0.03%
2017-06-19,1243.25,1254.00,1256.12,1243.22,-0.83%
2017-06-20,1243.19,1244.04,1248.38,1241.38,0.00%
2017-06-21,1246.55,1243.16,1248.31,1241.25,0.27%
2017-06-22,1250.62,1245.55,1255.05,1245.55,0.33%
2017-06-23,1256.90,1250.00,1259.31,1249.74,0.50%
2017-06-26,1244.45,1258.13,1258.54,1236.96,-0.99%
2017-06-27,1247.10,1243.65,1253.13,1241.12,0.21%
2017-06-28,1249.32,1247.37,1255.11,1247.37,0.18%
2017-06-29,1245.74,1249.18,1253.71,1239.66,-0.29%
2017-06-30,1241.60,1244.82,1248.59,1239.70,-0.33%
2017-07-03,1220.46,1241.46,1242.83,1218.41,-1.70%
2017-07-04,1223.97,1221.94,1226.74,1220.69,0.29%
2017-07-05,1226.95,1223.55,1229.34,1217.64,0.24%
2017-07-06,1225.15,1227.06,1229.57,1222.56,-0.15%
2017-07-07,1212.90,1224.39,1227.20,1207.25,-1.00%
2017-07-10,1214.35,1213.70,1215.60,1204.85,0.12%
2017-07-11,1217.69,1214.59,1217.79,1207.89,0.28%
2017-07-12,1220.00,1217.95,1226.10,1214.51,0.19%
2017-07-13,1217.45,1220.21,1224.92,1216.63,-0.21%
2017-07-14,1228.98,1216.63,1233.16,1214.95,0.95%
2017-07-17,1234.40,1228.60,1236.44,1228.30,0.44%
2017-07-18,1242.46,1233.84,1245.06,1233.01,0.65%
2017-07-19,1240.87,1242.58,1244.48,1236.05,-0.13%
2017-07-20,1244.74,1241.03,1247.98,1235.24,0.31%
2017-07-21,1254.90,1244.16,1256.30,1243.35,0.82%
2017-07-24,1255.24,1255.66,1259.18,1251.78,0.03%
2017-07-25,1249.05,1254.77,1258.18,1249.01,-0.49%
2017-07-26,1261.10,1250.00,1263.92,1243.91,0.96%
2017-07-27,1259.00,1260.50,1265.49,1254.52,-0.17%
2017-07-28,1269.25,1259.36,1271.34,1257.45,0.81%
2017-07-31,1269.55,1270.16,1271.48,1265.93,0.02%
2017-08-01,1269.05,1268.80,1274.47,1264.05,-0.04%
2017-08-02,1266.70,1268.80,1273.34,1263.18,-0.19%
2017-08-03,1268.65,1266.46,1271.37,1258.70,0.15%
2017-08-04,1258.60,1269.01,1270.94,1254.75,-0.79%
2017-08-07,1257.69,1259.03,1260.38,1255.68,-0.07%
2017-08-08,1260.64,1257.61,1265.70,1251.41,0.23%
2017-08-09,1277.55,1261.41,1279.06,1260.96,1.34%
2017-08-10,1286.90,1277.56,1288.63,1274.85,0.73%
2017-08-11,1289.21,1286.45,1292.26,1281.55,0.18%
2017-08-14,1281.95,1289.09,1289.82,1278.12,-0.56%
2017-08-15,1272.13,1282.36,1282.77,1267.98,-0.77%
2017-08-16,1283.10,1271.87,1284.29,1268.19,0.86%
2017-08-17,1288.01,1283.61,1290.47,1282.20,0.38%
2017-08-18,1284.50,1288.20,1301.20,1283.64,-0.27%
2017-08-21,1291.22,1283.60,1293.58,1280.60,0.52%
2017-08-22,1284.72,1291.18,1292.69,1282.11,-0.50%
2017-08-23,1290.62,1285.56,1292.03,1283.09,0.46%
2017-08-24,1286.33,1289.98,1291.30,1284.55,-0.33%
2017-08-25,1291.15,1285.91,1294.14,1278.66,0.37%
2017-08-28,1310.49,1292.76,1312.99,1292.49,1.50%
2017-08-29,1309.50,1317.75,1326.14,1304.93,-0.08%
2017-08-30,1308.76,1309.26,1313.87,1305.26,-0.06%
2017-08-31,1322.07,1308.80,1324.11,1300.82,1.02%
2017-09-01,1324.97,1321.80,1329.20,1316.65,0.22%
2017-09-04,1334.67,1334.38,1339.85,1331.92,0.73%
2017-09-05,1339.33,1335.07,1345.18,1327.96,0.35%
2017-09-06,1334.14,1339.55,1342.84,1331.66,-0.39%
2017-09-07,1349.20,1334.27,1350.27,1332.60,1.13%
2017-09-08,1346.71,1348.83,1357.94,1343.00,-0.18%
2017-09-11,1327.32,1337.45,1340.36,1326.36,-1.44%
2017-09-12,1331.94,1327.86,1332.43,1322.55,0.35%
2017-09-13,1323.25,1331.95,1335.05,1320.91,-0.65%
2017-09-14,1329.83,1323.56,1330.69,1316.11,0.50%
2017-09-15,1319.62,1329.83,1334.76,1319.62,-0.77%
2017-09-18,1307.57,1320.50,1320.50,1305.03,-0.91%
2017-09-19,1311.28,1307.30,1311.78,1304.98,0.28%
2017-09-20,1301.15,1310.94,1316.25,1295.96,-0.77%
2017-09-21,1291.39,1301.02,1302.07,1287.99,-0.75%
2017-09-22,1297.38,1291.30,1299.14,1291.30,0.46%
2017-09-25,1310.55,1297.67,1311.90,1290.63,1.02%
2017-09-26,1293.89,1309.90,1313.92,1293.04,-1.27%
2017-09-27,1281.12,1293.61,1296.54,1281.12,-0.99%
2017-09-28,1287.30,1281.11,1289.00,1277.64,0.48%
2017-09-29,1279.45,1286.91,1290.47,1278.24,-0.61%
2017-10-02,1271.12,1279.50,1279.61,1270.45,-0.65%
2017-10-03,1271.75,1270.71,1274.71,1267.91,0.05%
2017-10-04,1274.69,1271.64,1282.42,1270.85,0.23%
2017-10-05,1268.05,1275.16,1279.42,1266.90,-0.52%
2017-10-06,1276.03,1269.09,1277.18,1260.89,0.63%
2017-10-09,1284.10,1275.45,1285.50,1275.21,0.63%
2017-10-10,1287.85,1284.35,1294.63,1282.29,0.29%
2017-10-11,1291.80,1287.91,1293.56,1284.12,0.31%
2017-10-12,1293.60,1292.01,1297.60,1289.47,0.14%
2017-10-13,1304.88,1293.73,1304.88,1291.04,0.87%
2017-10-16,1294.74,1303.88,1306.80,1291.01,-0.78%
2017-10-17,1285.19,1295.32,1296.66,1281.69,-0.74%
2017-10-18,1281.17,1285.18,1289.08,1277.13,-0.31%
2017-10-19,1289.79,1281.25,1290.69,1276.61,0.67%
2017-10-20,1280.72,1289.57,1291.47,1277.88,-0.70%
2017-10-23,1282.07,1277.45,1283.66,1272.24,0.11%
2017-10-24,1276.72,1282.01,1284.06,1273.43,-0.42%
2017-10-25,1277.41,1276.85,1280.39,1271.03,0.05%
2017-10-26,1267.11,1277.56,1282.80,1265.69,-0.81%
2017-10-27,1273.35,1268.07,1274.80,1264.10,0.49%
2017-10-30,1276.24,1273.59,1279.29,1268.80,0.23%
2017-10-31,1271.58,1276.29,1278.36,1268.01,-0.37%
2017-11-01,1274.39,1270.88,1281.25,1267.98,0.22%
2017-11-02,1275.99,1274.91,1284.49,1273.64,0.13%
2017-11-03,1269.85,1276.80,1279.74,1265.55,-0.48%
2017-11-06,1281.55,1269.49,1283.01,1266.05,0.92%
2017-11-07,1275.53,1281.82,1281.97,1271.68,-0.47%
2017-11-08,1281.30,1275.85,1287.52,1275.23,0.45%
2017-11-09,1285.30,1281.62,1288.72,1280.09,0.31%
2017-11-10,1276.14,1285.21,1287.16,1273.33,-0.71%
2017-11-13,1277.99,1275.16,1280.22,1274.29,0.14%
2017-11-14,1280.71,1278.17,1283.68,1270.64,0.21%
2017-11-15,1278.80,1281.00,1289.47,1277.04,-0.15%
2017-11-16,1278.47,1278.47,1281.60,1274.98,-0.03%
2017-11-17,1294.37,1278.44,1297.04,1277.94,1.24%
2017-11-20,1276.70,1292.68,1294.80,1274.92,-1.37%
2017-11-21,1280.48,1276.70,1284.87,1276.08,0.30%
2017-11-22,1292.12,1280.38,1294.75,1278.77,0.91%
2017-11-23,1291.25,1292.40,1293.46,1287.46,-0.07%
2017-11-24,1288.22,1291.51,1293.61,1286.15,-0.23%
2017-11-27,1294.50,1288.57,1299.20,1286.47,0.49%
2017-11-28,1294.01,1294.85,1297.74,1291.01,-0.04%
2017-11-29,1283.57,1293.90,1296.75,1281.98,-0.81%
2017-11-30,1274.76,1283.88,1285.70,1270.51,-0.69%
2017-12-01,1280.26,1274.29,1289.58,1271.58,0.43%
2017-12-04,1276.23,1272.93,1277.24,1271.80,-0.31%
2017-12-05,1266.55,1276.54,1277.41,1261.11,-0.76%
2017-12-06,1263.94,1266.62,1269.32,1262.39,-0.21%
2017-12-07,1246.70,1264.26,1264.82,1244.11,-1.36%
2017-12-08,1248.14,1247.34,1252.66,1244.34,0.12%
2017-12-11,1241.96,1247.28,1251.67,1240.19,-0.50%
2017-12-12,1243.85,1242.25,1246.62,1236.31,0.15%
2017-12-13,1255.45,1243.88,1256.95,1240.06,0.93%
2017-12-14,1252.85,1255.54,1259.18,1249.92,-0.21%
2017-12-15,1255.26,1252.83,1261.89,1251.94,0.19%
2017-12-18,1261.69,1253.79,1264.37,1252.68,0.51%
2017-12-19,1261.72,1261.70,1265.26,1258.97,0.00%
2017-12-20,1265.62,1261.69,1267.84,1261.23,0.31%
2017-12-21,1266.76,1265.62,1268.97,1263.02,0.09%
2017-12-22,1275.01,1267.12,1276.38,1265.10,0.65%
2017-12-25,1275.24,1275.24,1275.24,1275.24,0.02%
2017-12-26,1283.29,1274.91,1283.77,1273.25,0.63%
2017-12-27,1287.41,1283.64,1289.40,1281.46,0.32%
2017-12-28,1294.84,1287.31,1295.30,1286.66,0.58%
2017-12-29,1302.55,1294.85,1307.69,1293.59,0.60%
2018-01-01,1306.86,1303.43,1307.72,1302.43,0.33%
2018-01-02,1318.14,1302.55,1318.98,1302.51,0.86%
2018-01-03,1312.84,1318.16,1321.40,1307.16,-0.40%
2018-01-04,1322.97,1312.53,1325.92,1305.67,0.77%
2018-01-05,1320.21,1323.50,1323.83,1313.81,-0.21%
2018-01-08,1320.58,1320.04,1322.22,1314.97,0.03%
2018-01-09,1312.66,1320.63,1320.68,1308.80,-0.60%
2018-01-10,1317.19,1313.28,1326.94,1308.29,0.35%
2018-01-11,1322.42,1316.89,1323.98,1315.49,0.40%
2018-01-12,1338.40,1322.82,1339.40,1321.16,1.21%
2018-01-15,1340.16,1337.05,1344.93,1336.14,0.13%
2018-01-16,1338.61,1340.06,1342.35,1331.73,-0.12%
2018-01-17,1327.73,1338.29,1343.99,1326.73,-0.81%
2018-01-18,1327.19,1327.75,1333.14,1323.79,-0.04%
2018-01-19,1331.80,1327.49,1338.37,1326.46,0.35%
2018-01-22,1334.11,1334.88,1336.04,1328.71,0.17%
2018-01-23,1341.39,1334.45,1342.22,1331.54,0.55%
2018-01-24,1358.15,1341.45,1361.88,1339.27,1.25%
2018-01-25,1348.05,1358.48,1366.47,1343.10,-0.74%
2018-01-26,1350.14,1348.36,1357.39,1344.38,0.16%
2018-01-29,1340.35,1350.07,1352.65,1337.74,-0.73%
2018-01-30,1338.55,1340.67,1349.12,1334.48,-0.13%
2018-01-31,1345.10,1338.87,1347.93,1332.70,0.49%
2018-02-01,1349.19,1345.40,1351.42,1337.30,0.30%
2018-02-02,1332.98,1349.16,1350.12,1327.21,-1.20%
2018-02-05,1339.60,1332.32,1341.70,1328.88,0.50%
2018-02-06,1325.02,1339.68,1346.08,1320.04,-1.09%
2018-02-07,1318.49,1325.16,1332.49,1312.05,-0.49%
2018-02-08,1318.97,1318.61,1322.17,1306.90,0.04%
2018-02-09,1316.69,1318.87,1322.71,1311.06,-0.17%
2018-02-12,1322.88,1315.04,1326.20,1314.11,0.47%
2018-02-13,1329.55,1322.29,1330.96,1321.39,0.50%
2018-02-14,1350.76,1329.53,1355.57,1319.42,1.60%
2018-02-15,1353.30,1350.78,1357.18,1348.41,0.19%
2018-02-16,1347.86,1353.31,1361.97,1344.82,-0.40%
2018-02-19,1346.69,1347.67,1351.34,1345.82,-0.09%
2018-02-20,1329.49,1346.77,1348.36,1328.39,-1.28%
2018-02-21,1324.26,1329.48,1336.27,1322.36,-0.39%
2018-02-22,1331.51,1323.94,1332.34,1320.84,0.55%
2018-02-23,1328.94,1331.81,1332.42,1325.73,-0.19%
2018-02-26,1333.16,1327.92,1341.06,1326.59,0.32%
2018-02-27,1318.20,1333.14,1336.90,1313.47,-1.12%
2018-02-28,1318.05,1318.20,1322.64,1315.59,-0.01%
2018-03-01,1316.55,1318.22,1321.16,1302.76,-0.11%
2018-03-02,1322.20,1316.54,1325.65,1315.12,0.43%
2018-03-05,1320.02,1323.78,1328.02,1317.43,-0.17%
2018-03-06,1334.46,1320.03,1338.72,1319.72,1.09%
2018-03-07,1325.54,1334.51,1340.68,1322.24,-0.67%
2018-03-08,1322.34,1325.49,1329.22,1318.98,-0.24%
2018-03-09,1323.70,1322.33,1325.33,1313.06,0.10%
2018-03-12,1323.05,1323.69,1324.52,1315.18,-0.05%
2018-03-13,1326.40,1322.90,1328.48,1316.55,0.25%
2018-03-14,1325.00,1326.45,1330.27,1321.58,-0.11%
2018-03-15,1316.26,1324.62,1328.06,1314.86,-0.66%
2018-03-16,1314.00,1316.56,1321.86,1309.56,-0.17%
2018-03-19,1316.94,1313.94,1319.86,1307.71,0.22%
2018-03-20,1311.21,1317.23,1318.48,1307.13,-0.44%
2018-03-21,1332.18,1311.20,1336.79,1309.80,1.60%
2018-03-22,1328.95,1332.18,1335.01,1324.73,-0.24%
2018-03-23,1347.22,1329.33,1350.41,1328.98,1.37%
2018-03-26,1353.46,1347.90,1356.13,1343.40,0.46%
2018-03-27,1344.71,1353.51,1356.87,1339.93,-0.65%
2018-03-28,1324.99,1345.74,1347.23,1323.42,-1.47%
2018-03-29,1325.00,1324.94,1328.54,1321.33,0.00%
2018-04-02,1341.35,1326.21,1345.03,1324.76,1.23%
2018-04-03,1332.82,1340.86,1342.68,1328.93,-0.64%
2018-04-04,1333.34,1332.89,1348.27,1331.44,0.04%
2018-04-05,1326.55,1333.03,1335.10,1322.63,-0.51%
2018-04-06,1333.19,1326.70,1335.49,1321.28,0.50%
2018-04-09,1336.24,1333.21,1338.16,1326.80,0.23%
2018-04-10,1340.05,1336.37,1342.79,1331.11,0.28%
2018-04-11,1353.29,1339.69,1365.37,1339.48,0.99%
2018-04-12,1335.48,1352.68,1353.42,1333.74,-1.32%
2018-04-13,1345.46,1335.17,1347.31,1335.17,0.75%
2018-04-16,1345.92,1344.60,1350.73,1340.07,0.03%
2018-04-17,1347.29,1345.82,1349.61,1337.59,0.10%
2018-04-18,1349.32,1347.53,1355.90,1342.07,0.15%
2018-04-19,1345.60,1349.38,1354.95,1340.94,-0.28%
2018-04-20,1335.13,1346.22,1346.47,1334.86,-0.78%
2018-04-23,1325.00,1335.19,1335.66,1322.04,-0.76%
2018-04-24,1330.68,1324.74,1332.86,1322.51,0.43%
2018-04-25,1323.33,1330.64,1332.26,1318.76,-0.55%
2018-04-26,1317.28,1322.91,1326.80,1315.24,-0.46%
2018-04-27,1322.80,1317.07,1325.41,1315.45,0.42%
2018-04-30,1315.35,1322.80,1325.17,1310.29,-0.56%
2018-05-01,1303.97,1315.40,1316.56,1301.74,-0.87%
2018-05-02,1304.84,1304.20,1313.59,1303.79,0.07%
2018-05-03,1312.09,1304.78,1318.23,1304.60,0.56%
2018-05-04,1315.05,1312.31,1315.47,1308.08,0.23%
2018-05-07,1314.30,1315.05,1319.08,1310.15,-0.06%
2018-05-08,1314.47,1313.59,1317.86,1305.99,0.01%
2018-05-09,1312.78,1314.51,1317.61,1304.34,-0.13%
2018-05-10,1321.40,1312.06,1322.94,1310.74,0.66%
2018-05-11,1318.22,1321.44,1326.17,1317.63,-0.24%
2018-05-14,1312.82,1318.55,1322.58,1312.75,-0.41%
2018-05-15,1290.65,1313.13,1315.06,1288.56,-1.69%
2018-05-16,1291.03,1289.98,1297.13,1286.37,0.03%
2018-05-17,1291.00,1290.57,1294.59,1285.64,0.00%
2018-05-18,1292.50,1290.74,1294.44,1286.02,0.12%
2018-05-21,1292.68,1290.90,1293.38,1282.00,0.01%
2018-05-22,1291.32,1292.93,1296.28,1287.78,-0.10%
2018-05-23,1293.75,1291.18,1298.01,1288.02,0.19%
2018-05-24,1304.88,1294.08,1306.77,1292.68,0.86%
2018-05-25,1301.61,1304.42,1307.95,1299.81,-0.25%
2018-05-28,1298.10,1298.93,1300.30,1295.41,-0.27%
2018-05-29,1298.85,1298.15,1306.46,1293.62,0.06%
2018-05-30,1301.48,1299.20,1304.55,1295.66,0.20%
2018-05-31,1298.32,1301.56,1306.69,1297.75,-0.24%
2018-06-01,1293.15,1298.79,1300.66,1289.34,-0.40%
2018-06-04,1291.98,1293.16,1298.26,1290.18,-0.09%
2018-06-05,1296.14,1292.34,1300.81,1289.77,0.32%
2018-06-06,1297.00,1296.58,1302.10,1293.77,0.07%
2018-06-07,1297.13,1296.98,1303.30,1294.87,0.01%
2018-06-08,1298.75,1297.03,1300.93,1293.84,0.13%
2018-06-11,1300.15,1299.40,1302.50,1293.96,0.11%
2018-06-12,1295.97,1300.42,1300.81,1292.97,-0.32%
2018-06-13,1299.71,1295.98,1301.44,1292.42,0.29%
2018-06-14,1302.22,1299.84,1309.64,1297.32,0.19%
2018-06-15,1279.84,1302.26,1303.33,1275.30,-1.72%
2018-06-18,1278.31,1279.15,1281.92,1276.94,-0.12%
2018-06-19,1274.77,1278.56,1284.43,1270.28,-0.28%
2018-06-20,1268.10,1274.81,1276.59,1267.60,-0.52%
2018-06-21,1267.20,1268.34,1270.47,1261.23,-0.07%
2018-06-22,1269.28,1267.30,1271.27,1266.48,0.16%
2018-06-25,1266.00,1271.74,1272.90,1264.20,-0.26%
2018-06-26,1258.98,1266.11,1268.04,1254.54,-0.55%
2018-06-27,1252.02,1258.28,1260.23,1250.64,-0.55%
2018-06-28,1248.28,1251.96,1254.42,1245.67,-0.30%
2018-06-29,1253.00,1247.99,1256.04,1246.06,0.38%
2018-07-02,1241.97,1253.49,1254.48,1239.45,-0.88%
2018-07-03,1252.93,1242.13,1257.31,1237.71,0.88%
2018-07-04,1256.95,1252.14,1261.44,1251.81,0.32%
2018-07-05,1257.76,1256.87,1259.99,1251.04,0.06%
2018-07-06,1254.98,1257.50,1258.96,1252.54,-0.22%
2018-07-09,1257.77,1255.13,1266.26,1255.02,0.22%
2018-07-10,1255.65,1257.68,1260.64,1247.16,-0.17%
2018-07-11,1242.16,1255.88,1257.10,1241.28,-1.07%
2018-07-12,1247.15,1242.14,1248.93,1241.23,0.40%
2018-07-13,1241.52,1247.45,1248.27,1236.78,-0.45%
2018-07-16,1240.82,1241.41,1245.90,1238.13,-0.06%
2018-07-17,1227.52,1240.76,1245.31,1225.94,-1.07%
2018-07-18,1227.18,1227.47,1229.54,1221.07,-0.03%
2018-07-19,1222.80,1227.46,1229.07,1211.48,-0.36%
2018-07-20,1231.77,1223.33,1232.94,1215.70,0.73%
2018-07-23,1224.54,1231.55,1235.50,1222.07,-0.59%
2018-07-24,1224.55,1224.94,1229.76,1218.08,0.00%
2018-07-25,1231.61,1224.34,1234.51,1223.02,0.58%
2018-07-26,1222.68,1231.34,1235.57,1222.13,-0.73%
2018-07-27,1223.38,1222.99,1227.51,1217.30,0.06%
2018-07-30,1221.80,1222.96,1225.44,1218.86,-0.13%
2018-07-31,1223.83,1221.78,1228.52,1214.48,0.17%
2018-08-01,1216.06,1223.97,1225.10,1215.58,-0.64%
2018-08-02,1207.96,1215.46,1221.39,1207.03,-0.67%
2018-08-03,1213.43,1208.09,1220.38,1204.28,0.45%
2018-08-06,1206.94,1213.65,1218.21,1206.44,-0.53%
2018-08-07,1211.02,1207.54,1216.51,1207.54,0.34%
2018-08-08,1213.60,1210.81,1216.20,1206.28,0.21%
2018-08-09,1212.34,1213.94,1217.64,1210.64,-0.10%
2018-08-10,1211.30,1212.54,1217.29,1205.66,-0.09%
2018-08-13,1193.64,1211.24,1214.07,1191.61,-1.46%
2018-08-14,1194.03,1194.19,1198.99,1191.99,0.03%
2018-08-15,1174.88,1194.41,1194.84,1173.03,-1.60%
2018-08-16,1174.16,1175.57,1182.25,1160.19,-0.06%
2018-08-17,1184.77,1173.73,1185.34,1171.82,0.90%
2018-08-20,1190.53,1183.74,1191.26,1182.61,0.49%
2018-08-21,1196.13,1190.61,1197.13,1187.47,0.47%
2018-08-22,1195.51,1196.80,1201.84,1192.40,-0.05%
2018-08-23,1185.31,1195.94,1196.84,1183.67,-0.85%
2018-08-24,1205.96,1185.41,1208.83,1183.12,1.74%
2018-08-27,1211.34,1206.94,1212.63,1202.86,0.45%
2018-08-28,1201.26,1211.61,1214.67,1199.39,-0.83%
2018-08-29,1206.66,1201.31,1207.63,1200.89,0.45%
2018-08-30,1199.88,1206.58,1208.05,1196.20,-0.56%
2018-08-31,1201.09,1200.58,1209.17,1198.42,0.10%
2018-09-03,1201.15,1200.29,1204.20,1195.64,0.01%
2018-09-04,1191.35,1201.67,1202.33,1189.53,-0.82%
2018-09-05,1196.75,1191.47,1198.72,1190.86,0.45%
2018-09-06,1200.15,1197.23,1207.37,1195.61,0.28%
2018-09-07,1195.85,1199.97,1203.80,1193.19,-0.36%
2018-09-10,1195.88,1195.41,1198.72,1191.40,0.00%
2018-09-11,1198.29,1195.43,1199.60,1187.57,0.20%
2018-09-12,1206.19,1198.65,1208.85,1192.51,0.66%
2018-09-13,1201.44,1206.94,1212.90,1199.98,-0.39%
2018-09-14,1193.71,1201.76,1208.94,1192.93,-0.64%
2018-09-17,1200.93,1193.18,1205.17,1192.76,0.60%
2018-09-18,1198.35,1201.86,1203.78,1195.76,-0.21%
2018-09-19,1203.98,1198.17,1206.41,1197.64,0.47%
2018-09-20,1207.58,1203.83,1208.69,1201.07,0.30%
2018-09-21,1199.55,1207.48,1211.39,1191.76,-0.67%
2018-09-24,1198.85,1198.31,1204.44,1194.21,-0.06%
2018-09-25,1201.31,1198.84,1203.51,1197.01,0.20%
2018-09-26,1194.46,1201.23,1202.84,1190.41,-0.57%
2018-09-27,1182.80,1194.84,1198.96,1181.88,-0.98%
2018-09-28,1192.09,1182.89,1193.95,1180.68,0.79%
2018-10-01,1188.46,1192.19,1192.51,1184.46,-0.30%
2018-10-02,1203.10,1188.86,1208.52,1188.44,1.23%
2018-10-03,1197.37,1203.45,1208.72,1196.55,-0.48%
2018-10-04,1199.66,1197.35,1207.09,1195.77,0.19%
2018-10-05,1202.85,1199.75,1206.09,1196.99,0.27%
2018-10-08,1188.01,1203.15,1204.31,1183.57,-1.23%
2018-10-09,1189.62,1188.63,1192.19,1183.24,0.14%
2018-10-10,1194.78,1189.66,1194.98,1185.13,0.43%
2018-10-11,1224.33,1194.95,1226.51,1191.10,2.47%
2018-10-12,1217.93,1224.24,1224.38,1215.60,-0.52%
2018-10-15,1226.94,1217.44,1233.67,1217.40,0.74%
2018-10-16,1224.43,1227.17,1232.71,1223.35,-0.20%
2018-10-17,1222.68,1224.59,1229.82,1220.33,-0.14%
2018-10-18,1225.75,1222.02,1230.51,1218.44,0.25%
2018-10-19,1226.31,1225.66,1231.01,1222.93,0.05%
2018-10-22,1222.17,1228.06,1229.78,1219.95,-0.34%
2018-10-23,1230.48,1222.15,1239.94,1221.65,0.68%
2018-10-24,1234.22,1230.52,1234.24,1225.42,0.30%
2018-10-25,1232.23,1234.55,1239.54,1227.84,-0.16%
2018-10-26,1233.58,1232.25,1243.63,1229.78,0.11%
2018-10-29,1229.74,1234.15,1235.73,1224.31,-0.31%
2018-10-30,1223.44,1230.06,1230.83,1219.71,-0.51%
2018-10-31,1214.54,1223.04,1223.50,1211.82,-0.73%
2018-11-01,1233.23,1215.24,1237.74,1214.69,1.54%
2018-11-02,1232.89,1234.37,1236.72,1229.67,-0.03%
2018-11-05,1231.30,1233.09,1235.32,1226.77,-0.13%
2018-11-06,1226.80,1231.36,1236.33,1223.34,-0.37%
2018-11-07,1226.10,1226.92,1236.20,1223.13,-0.06%
2018-11-08,1223.54,1226.04,1227.24,1219.94,-0.21%
2018-11-09,1209.59,1223.54,1224.09,1206.53,-1.14%
2018-11-12,1200.65,1210.05,1211.79,1200.31,-0.74%
2018-11-13,1202.34,1200.65,1205.57,1196.19,0.14%
2018-11-14,1210.91,1202.25,1216.51,1197.43,0.71%
2018-11-15,1213.00,1210.85,1216.66,1207.83,0.17%
2018-11-16,1221.47,1213.01,1225.67,1212.61,0.70%
2018-11-19,1224.05,1222.34,1225.51,1217.82,0.21%
2018-11-20,1221.55,1224.06,1229.04,1219.69,-0.20%
2018-11-21,1226.02,1221.53,1230.33,1219.52,0.37%
2018-11-22,1227.45,1226.02,1229.45,1224.81,0.12%
2018-11-23,1223.19,1227.08,1228.92,1220.12,-0.35%
2018-11-26,1222.37,1224.04,1228.44,1221.45,-0.07%
2018-11-27,1214.69,1222.36,1225.43,1211.71,-0.63%
2018-11-28,1221.11,1214.64,1226.55,1210.99,0.53%
2018-11-29,1223.99,1221.13,1229.23,1220.45,0.24%
2018-11-30,1221.96,1223.95,1225.95,1216.49,-0.17%
2018-12-03,1231.07,1223.19,1235.19,1221.22,0.75%
2018-12-04,1238.55,1231.03,1242.22,1230.34,0.61%
2018-12-05,1237.56,1238.55,1239.64,1233.21,-0.08%
2018-12-06,1237.99,1237.56,1244.72,1234.56,0.04%
2018-12-07,1248.09,1238.00,1250.44,1237.29,0.82%
2018-12-10,1244.58,1250.76,1250.85,1241.47,-0.28%
2018-12-11,1242.94,1244.52,1249.89,1240.81,-0.13%
2018-12-12,1245.80,1242.94,1247.52,1241.94,0.23%
2018-12-13,1242.46,1245.69,1247.14,1240.05,-0.27%
2018-12-14,1238.21,1242.43,1243.30,1232.70,-0.34%
2018-12-17,1245.91,1237.60,1248.46,1235.69,0.62%
2018-12-18,1249.38,1246.02,1250.63,1244.79,0.28%
2018-12-19,1243.40,1249.37,1258.44,1241.49,-0.48%
2018-12-20,1260.15,1243.40,1266.70,1242.70,1.35%
2018-12-21,1256.01,1260.10,1263.12,1253.68,-0.33%
2018-12-24,1269.13,1258.65,1270.13,1257.96,1.04%
2018-12-26,1266.98,1270.75,1279.33,1264.56,-0.17%
2018-12-27,1275.22,1266.89,1279.30,1266.42,0.65%
2018-12-28,1280.75,1275.23,1282.34,1274.19,0.43%
2018-12-31,1282.82,1280.20,1284.34,1277.31,0.16%
2019-01-01,1282.61,1282.78,1283.05,1282.52,-0.02%
2019-01-02,1284.77,1282.30,1288.93,1278.59,0.17%
2019-01-03,1293.99,1284.80,1295.11,1284.17,0.72%
2019-01-04,1284.92,1294.04,1298.68,1276.66,-0.70%
2019-01-07,1288.67,1286.01,1295.42,1282.53,0.29%
2019-01-08,1285.35,1288.68,1290.44,1279.10,-0.26%
2019-01-09,1293.13,1285.36,1294.25,1279.90,0.61%
2019-01-10,1286.38,1293.13,1297.47,1285.99,-0.52%
2019-01-11,1288.00,1286.30,1295.55,1286.01,0.13%
2019-01-14,1291.73,1287.70,1296.21,1287.45,0.29%
2019-01-15,1289.31,1291.73,1295.03,1286.60,-0.19%
2019-01-16,1293.52,1289.11,1295.22,1287.77,0.33%
2019-01-17,1291.90,1293.55,1295.62,1288.67,-0.13%
2019-01-18,1281.49,1291.88,1292.73,1280.49,-0.81%
2019-01-21,1280.28,1281.64,1283.95,1276.58,-0.09%
2019-01-22,1285.04,1279.94,1285.84,1277.21,0.37%
2019-01-23,1282.40,1285.04,1286.90,1278.40,-0.21%
2019-01-24,1280.94,1282.42,1285.19,1276.79,-0.11%
2019-01-25,1303.22,1280.93,1303.78,1279.71,1.74%
2019-01-28,1303.53,1303.82,1304.79,1297.54,0.02%
2019-01-29,1311.93,1303.53,1312.34,1302.45,0.64%
2019-01-30,1319.91,1311.95,1323.67,1308.81,0.61%
2019-01-31,1320.94,1319.87,1326.65,1317.39,0.08%
2019-02-01,1318.00,1320.93,1323.82,1315.94,-0.22%
2019-02-04,1311.75,1318.13,1319.11,1308.50,-0.47%
2019-02-05,1315.02,1311.73,1317.13,1310.59,0.25%
2019-02-06,1306.22,1315.02,1316.16,1305.70,-0.67%
2019-02-07,1310.09,1306.19,1312.27,1302.53,0.30%
2019-02-08,1314.06,1310.13,1316.05,1307.53,0.30%
2019-02-11,1308.32,1314.55,1315.01,1303.69,-0.44%
2019-02-12,1310.90,1308.22,1315.10,1306.44,0.20%
2019-02-13,1306.19,1310.89,1318.36,1304.80,-0.36%
2019-02-14,1312.55,1306.17,1314.70,1302.88,0.49%
2019-02-15,1321.41,1312.64,1322.76,1311.17,0.68%
2019-02-18,1326.90,1321.41,1328.05,1320.60,0.42%
2019-02-19,1341.17,1326.25,1342.11,1322.63,1.08%
2019-02-20,1338.49,1341.24,1347.11,1336.79,-0.20%
2019-02-21,1323.49,1338.59,1341.71,1321.99,-1.12%
2019-02-22,1327.80,1323.51,1333.41,1321.39,0.32%
2019-02-25,1327.13,1328.89,1332.80,1325.15,-0.05%
2019-02-26,1328.96,1327.11,1330.40,1323.44,0.14%
2019-02-27,1319.88,1328.92,1329.96,1316.78,-0.68%
2019-02-28,1313.05,1319.87,1327.44,1312.41,-0.52%
2019-03-01,1293.56,1312.94,1315.46,1290.24,-1.48%
2019-03-04,1286.67,1293.61,1297.35,1282.88,-0.53%
2019-03-05,1287.43,1286.67,1289.92,1281.10,0.06%
2019-03-06,1286.76,1287.48,1291.11,1283.51,-0.05%
2019-03-07,1285.74,1286.71,1289.10,1281.27,-0.08%
2019-03-08,1298.40,1285.78,1300.85,1285.18,0.98%
2019-03-11,1294.25,1298.85,1299.44,1290.34,-0.32%
2019-03-12,1302.01,1293.84,1302.40,1292.08,0.60%
2019-03-13,1309.28,1302.16,1311.56,1300.61,0.56%
2019-03-14,1296.28,1309.76,1310.53,1292.83,-0.99%
2019-03-15,1301.38,1296.15,1306.79,1293.82,0.39%
2019-03-18,1303.70,1302.34,1306.89,1298.19,0.18%
2019-03-19,1306.55,1303.60,1311.19,1302.50,0.22%
2019-03-20,1312.48,1305.74,1317.03,1298.58,0.45%
2019-03-21,1309.45,1313.05,1320.62,1303.40,-0.23%
2019-03-22,1313.13,1309.55,1315.20,1306.81,0.28%
2019-03-25,1321.80,1313.35,1324.57,1310.97,0.66%
2019-03-26,1315.42,1321.80,1323.41,1312.69,-0.48%
2019-03-27,1309.46,1315.61,1319.60,1308.03,-0.45%
2019-03-28,1290.15,1309.85,1312.48,1288.58,-1.47%
2019-03-29,1291.90,1290.59,1300.01,1286.77,0.14%
2019-04-01,1287.42,1291.48,1297.23,1286.64,-0.35%
2019-04-02,1292.75,1287.55,1293.15,1285.17,0.41%
2019-04-03,1289.66,1292.34,1294.81,1288.34,-0.24%
2019-04-04,1292.13,1290.10,1294.55,1280.91,0.19%
2019-04-05,1291.30,1292.44,1293.69,1284.44,-0.06%
2019-04-08,1297.17,1291.80,1303.97,1291.39,0.45%
2019-04-09,1303.89,1297.65,1306.50,1296.57,0.52%
2019-04-10,1307.80,1304.09,1310.96,1301.06,0.30%
2019-04-11,1292.34,1308.10,1309.37,1289.66,-1.18%
2019-04-12,1290.00,1292.30,1296.10,1290.09,-0.18%
2019-04-15,1287.64,1290.60,1292.08,1282.37,-0.18%
2019-04-16,1276.17,1287.90,1288.85,1272.94,-0.89%
2019-04-17,1273.74,1276.84,1280.01,1272.94,-0.19%
2019-04-18,1275.01,1273.49,1277.97,1271.07,0.10%
2019-04-22,1274.68,1275.83,1280.14,1273.66,-0.03%
2019-04-23,1272.15,1275.40,1276.83,1266.25,-0.20%
2019-04-24,1274.96,1272.30,1278.79,1268.58,0.22%
2019-04-25,1276.95,1275.60,1282.81,1273.35,0.16%
2019-04-26,1285.85,1277.27,1289.01,1276.05,0.70%
2019-04-29,1279.55,1286.55,1287.00,1277.97,-0.49%
2019-04-30,1283.35,1279.98,1286.58,1279.69,0.30%
2019-05-01,1276.35,1283.59,1287.38,1273.16,-0.55%
2019-05-02,1270.29,1276.94,1278.18,1266.18,-0.48%
2019-05-03,1278.94,1270.74,1282.84,1268.90,0.68%
2019-05-06,1280.07,1281.19,1285.90,1276.85,0.09%
2019-05-07,1284.30,1281.10,1286.37,1278.04,0.33%
2019-05-08,1280.53,1284.15,1291.73,1279.37,-0.29%
2019-05-09,1283.74,1280.74,1288.57,1279.43,0.25%
2019-05-10,1285.60,1284.34,1289.60,1283.10,0.14%
2019-05-13,1299.66,1286.71,1301.50,1281.77,1.09%
2019-05-14,1296.78,1300.24,1303.47,1293.52,-0.22%
2019-05-15,1296.42,1297.17,1301.18,1292.85,-0.03%
2019-05-16,1286.40,1296.90,1299.06,1284.06,-0.77%
2019-05-17,1277.15,1286.50,1289.24,1274.91,-0.72%
2019-05-20,1277.49,1277.80,1279.32,1273.60,0.03%
2019-05-21,1274.72,1278.10,1278.16,1269.34,-0.22%
2019-05-22,1273.36,1274.74,1277.59,1272.28,-0.11%
2019-05-23,1283.05,1273.80,1287.62,1272.61,0.76%
2019-05-24,1284.65,1283.55,1285.59,1280.59,0.12%
2019-05-27,1284.80,1285.80,1287.69,1283.68,0.01%
2019-05-28,1279.06,1285.55,1286.75,1276.01,-0.45%
2019-05-29,1279.20,1279.56,1285.79,1278.88,0.01%
2019-05-30,1288.50,1279.74,1289.24,1274.82,0.73%
2019-05-31,1305.25,1288.35,1307.11,1288.00,1.30%
2019-06-03,1324.77,1307.40,1328.34,1306.62,1.50%
2019-06-04,1324.88,1325.05,1329.41,1319.90,0.01%
2019-06-05,1329.78,1325.50,1344.24,1324.53,0.37%
2019-06-06,1334.80,1331.99,1340.09,1327.26,0.38%
2019-06-07,1340.30,1335.45,1348.45,1330.08,0.41%
2019-06-10,1327.73,1335.94,1337.77,1324.90,-0.94%
2019-06-11,1326.66,1328.40,1330.22,1319.74,-0.08%
2019-06-12,1333.16,1327.05,1338.58,1326.04,0.49%
2019-06-13,1341.95,1334.00,1343.41,1332.22,0.66%
2019-06-14,1341.33,1341.70,1358.40,1337.88,-0.05%
2019-06-17,1339.29,1342.05,1343.53,1332.83,-0.15%
2019-06-18,1346.08,1340.30,1354.68,1338.54,0.51%
2019-06-19,1359.87,1346.55,1362.50,1341.19,1.02%
2019-06-20,1387.78,1360.34,1393.30,1357.66,2.05%
2019-06-21,1398.65,1388.22,1411.08,1382.44,0.78%
2019-06-24,1419.15,1401.35,1421.20,1400.33,1.47%
2019-06-25,1422.85,1419.17,1438.99,1412.30,0.26%
2019-06-26,1408.35,1423.90,1424.03,1402.37,-1.02%
2019-06-27,1409.28,1409.55,1411.94,1400.23,0.07%
2019-06-28,1409.10,1409.56,1424.67,1406.64,-0.01%
2019-07-01,1384.06,1392.83,1397.69,1381.84,-1.78%
2019-07-02,1418.19,1383.55,1419.80,1383.55,2.47%
2019-07-03,1418.54,1419.95,1436.29,1412.52,0.02%
2019-07-04,1415.19,1419.59,1422.02,1410.43,-0.24%
2019-07-05,1399.55,1415.80,1424.24,1386.97,-1.11%
2019-07-08,1395.20,1400.05,1408.03,1391.79,-0.31%
2019-07-09,1397.80,1395.60,1400.13,1386.35,0.19%
2019-07-10,1418.80,1397.80,1419.21,1389.88,1.50%
2019-07-11,1403.60,1419.20,1426.21,1401.58,-1.07%
2019-07-12,1415.49,1403.90,1417.09,1403.12,0.85%
2019-07-15,1413.68,1415.75,1419.75,1407.69,-0.13%
2019-07-16,1405.93,1415.05,1418.34,1401.23,-0.55%
2019-07-17,1426.60,1406.59,1427.00,1400.18,1.47%
2019-07-18,1446.00,1426.80,1448.35,1414.68,1.36%
2019-07-19,1424.91,1446.40,1452.96,1420.40,-1.46%
2019-07-22,1424.72,1425.15,1429.77,1422.34,-0.01%
2019-07-23,1416.99,1425.15,1429.25,1414.29,-0.54%
2019-07-24,1425.80,1417.55,1429.55,1416.43,0.62%
2019-07-25,1414.13,1426.30,1433.84,1411.08,-0.82%
2019-07-26,1418.31,1414.40,1424.83,1413.72,0.30%
2019-07-29,1426.69,1419.49,1428.46,1416.98,0.59%
2019-07-30,1430.60,1426.84,1433.12,1422.12,0.27%
2019-07-31,1413.55,1431.05,1433.07,1411.42,-1.19%
2019-08-01,1445.06,1411.34,1445.98,1400.65,2.23%
2019-08-02,1440.45,1445.80,1448.23,1430.20,-0.32%
2019-08-05,1463.60,1440.65,1470.05,1437.03,1.61%
2019-08-06,1473.87,1464.00,1475.04,1456.61,0.70%
2019-08-07,1500.80,1474.25,1510.28,1472.28,1.83%
2019-08-08,1500.00,1501.50,1509.72,1490.08,-0.05%
2019-08-09,1496.84,1501.20,1508.40,1494.69,-0.21%
2019-08-12,1511.16,1497.65,1517.95,1487.91,0.96%
2019-08-13,1501.14,1510.74,1534.75,1481.38,-0.66%
2019-08-14,1516.08,1501.38,1524.30,1494.34,1.00%
2019-08-15,1522.95,1517.05,1527.00,1508.22,0.45%
2019-08-16,1513.75,1523.90,1527.75,1504.20,-0.60%
2019-08-19,1495.00,1511.15,1513.00,1492.65,-1.24%
2019-08-20,1506.85,1495.60,1508.60,1492.85,0.79%
2019-08-21,1502.00,1507.70,1508.40,1496.15,-0.32%
2019-08-22,1498.60,1502.20,1504.68,1491.85,-0.23%
2019-08-23,1526.10,1499.00,1530.11,1493.05,1.84%
2019-08-26,1526.00,1539.30,1555.13,1524.55,-0.01%
2019-08-27,1542.40,1526.30,1544.78,1524.85,1.07%
2019-08-28,1538.80,1541.80,1547.03,1531.55,-0.23%
2019-08-29,1527.40,1539.20,1550.72,1519.50,-0.74%
2019-08-30,1519.85,1527.60,1533.45,1517.43,-0.49%
2019-09-02,1530.34,1520.10,1533.81,1519.15,0.69%
2019-09-03,1546.70,1529.60,1549.90,1521.51,1.07%
2019-09-04,1552.35,1547.10,1557.38,1533.81,0.37%
2019-09-05,1519.10,1552.50,1553.38,1509.39,-2.14%
2019-09-06,1506.70,1519.20,1527.90,1502.89,-0.82%
2019-09-09,1498.65,1507.10,1515.55,1497.72,-0.53%
2019-09-10,1485.50,1499.00,1501.45,1484.27,-0.88%
2019-09-11,1497.30,1486.45,1498.56,1485.00,0.79%
2019-09-12,1498.70,1497.50,1523.96,1488.80,0.09%
2019-09-13,1488.45,1498.50,1509.25,1485.73,-0.68%
2019-09-16,1497.90,1503.34,1512.20,1495.75,0.63%
2019-09-17,1502.20,1498.85,1507.48,1493.36,0.29%
2019-09-18,1493.65,1501.55,1511.32,1484.36,-0.57%
2019-09-19,1499.00,1494.00,1504.35,1488.90,0.36%
2019-09-20,1516.75,1499.40,1517.24,1497.90,1.18%
2019-09-23,1521.86,1516.66,1527.25,1511.50,0.34%
2019-09-24,1531.80,1522.40,1535.85,1515.80,0.65%
2019-09-25,1503.75,1532.00,1535.42,1501.31,-1.83%
2019-09-26,1505.60,1503.94,1512.70,1501.97,0.12%
2019-09-27,1496.56,1506.00,1507.70,1487.04,-0.60%
2019-09-30,1472.00,1497.07,1500.50,1464.42,-1.64%
2019-10-01,1478.58,1472.30,1487.37,1459.00,0.45%
2019-10-02,1499.26,1479.19,1505.11,1474.42,1.40%
2019-10-03,1504.75,1499.55,1518.81,1495.99,0.37%
2019-10-04,1504.35,1505.19,1511.17,1497.15,-0.03%
2019-10-07,1493.35,1504.76,1509.64,1489.94,-0.73%
2019-10-08,1505.26,1493.55,1508.71,1487.45,0.80%
2019-10-09,1505.30,1506.05,1511.60,1499.70,0.00%
2019-10-10,1494.00,1505.60,1517.08,1491.42,-0.75%
2019-10-11,1489.45,1494.44,1503.45,1474.28,-0.30%
2019-10-14,1492.80,1488.90,1497.38,1482.82,0.22%
2019-10-15,1480.92,1493.20,1498.17,1477.53,-0.80%
2019-10-16,1489.37,1481.13,1491.65,1477.06,0.57%
2019-10-17,1491.64,1490.55,1497.50,1483.45,0.15%
2019-10-18,1489.70,1492.17,1494.26,1484.82,-0.13%
2019-10-21,1484.25,1492.02,1495.48,1481.91,-0.37%
2019-10-22,1487.65,1484.52,1489.29,1480.87,0.23%
2019-10-23,1491.85,1488.35,1496.50,1487.62,0.28%
2019-10-24,1503.25,1492.15,1504.27,1488.02,0.76%
2019-10-25,1504.33,1504.75,1518.07,1500.56,0.07%
2019-10-28,1492.44,1504.34,1508.58,1489.86,-0.79%
2019-10-29,1487.40,1492.69,1495.16,1483.72,-0.34%
2019-10-30,1495.20,1487.60,1496.91,1481.21,0.52%
2019-10-31,1513.16,1496.40,1514.53,1493.72,1.20%
2019-11-01,1513.55,1513.32,1515.81,1503.31,0.03%
2019-11-04,1509.24,1513.80,1514.97,1504.33,-0.28%
2019-11-05,1484.00,1509.64,1510.10,1479.65,-1.67%
2019-11-06,1490.36,1484.10,1494.46,1482.45,0.43%
2019-11-07,1467.82,1490.44,1492.48,1461.24,-1.51%
2019-11-08,1458.41,1468.01,1473.33,1456.28,-0.64%
2019-11-11,1455.65,1458.96,1466.77,1448.28,-0.19%
2019-11-12,1456.94,1455.79,1460.55,1445.61,0.09%
2019-11-13,1462.94,1457.19,1467.36,1455.96,0.41%
2019-11-14,1470.95,1463.18,1474.62,1460.93,0.55%
2019-11-15,1467.12,1471.20,1471.49,1462.28,-0.26%
2019-11-18,1470.75,1467.66,1474.30,1456.26,0.25%
2019-11-19,1472.28,1470.85,1475.72,1464.60,0.10%
2019-11-20,1471.15,1472.39,1479.15,1465.88,-0.08%
2019-11-21,1464.15,1471.25,1475.98,1462.60,-0.48%
2019-11-22,1462.04,1464.40,1473.30,1461.23,-0.14%
2019-11-25,1454.87,1462.29,1462.41,1453.89,-0.49%
2019-11-26,1461.20,1454.98,1462.97,1450.63,0.43%
2019-11-27,1454.25,1461.65,1462.11,1452.45,-0.48%
2019-11-28,1458.09,1456.77,1458.57,1454.37,0.26%
2019-11-29,1463.90,1455.90,1466.81,1452.93,0.40%
2019-12-02,1462.34,1467.03,1467.03,1453.91,-0.11%
2019-12-03,1477.24,1462.50,1482.22,1459.39,1.02%
2019-12-04,1474.10,1477.34,1484.55,1471.39,-0.21%
2019-12-05,1475.60,1474.34,1480.72,1472.90,0.10%
2019-12-06,1459.51,1475.70,1477.45,1458.61,-1.09%
2019-12-09,1461.89,1459.49,1465.80,1458.76,0.16%
2019-12-10,1463.96,1461.93,1469.36,1459.80,0.14%
2019-12-11,1474.75,1464.19,1479.04,1462.59,0.74%
2019-12-12,1469.33,1474.85,1486.95,1464.78,-0.37%
2019-12-13,1475.56,1469.47,1478.22,1462.48,0.42%
2019-12-16,1476.00,1475.60,1480.03,1472.99,0.03%
2019-12-17,1476.20,1476.25,1480.78,1474.23,0.01%
2019-12-18,1475.19,1476.45,1479.67,1470.32,-0.07%
2019-12-19,1479.05,1475.44,1481.97,1473.01,0.26%
2019-12-20,1477.95,1479.14,1481.26,1475.70,-0.07%
2019-12-23,1485.27,1478.20,1486.29,1477.51,0.50%
2019-12-24,1498.81,1485.57,1500.77,1484.41,0.91%
2019-12-25,1498.60,1499.55,1499.55,1499.55,-0.01%
2019-12-26,1511.30,1499.42,1512.77,1497.66,0.85%
2019-12-27,1510.42,1511.55,1515.47,1507.05,-0.06%
2019-12-30,1515.12,1511.80,1516.54,1510.43,0.31%
2019-12-31,1517.01,1515.22,1525.45,1514.66,0.12%
2020-01-01,1516.89,1517.24,1517.48,1517.19,-0.01%
2020-01-02,1528.85,1517.24,1531.55,1517.22,0.79%
2020-01-03,1551.40,1528.95,1553.70,1528.00,1.48%
2020-01-06,1565.86,1561.15,1583.44,1560.90,0.93%
2020-01-07,1573.89,1565.93,1577.53,1555.29,0.51%
2020-01-08,1555.71,1573.99,1611.15,1552.23,-1.15%
2020-01-09,1552.27,1555.76,1561.67,1540.18,-0.22%
2020-01-10,1562.03,1552.40,1563.27,1545.52,0.63%
2020-01-13,1548.05,1562.29,1562.30,1546.77,-0.90%
2020-01-14,1546.12,1548.31,1548.95,1536.12,-0.12%
2020-01-15,1555.94,1546.40,1558.44,1546.11,0.63%
2020-01-16,1552.54,1556.18,1558.19,1548.05,-0.22%
2020-01-17,1556.22,1552.90,1561.45,1549.36,0.24%
2020-01-20,1561.28,1558.65,1563.00,1556.39,0.32%
2020-01-21,1557.73,1560.94,1568.75,1546.41,-0.23%
2020-01-22,1558.62,1558.03,1559.63,1550.08,0.06%
2020-01-23,1563.03,1558.93,1568.17,1551.68,0.28%
2020-01-24,1570.36,1563.30,1576.01,1556.42,0.47%
2020-01-27,1581.65,1580.10,1586.81,1575.81,0.72%
2020-01-28,1565.86,1581.95,1583.27,1565.65,-1.00%
2020-01-29,1576.72,1566.19,1578.04,1563.21,0.69%
2020-01-30,1573.92,1577.09,1586.16,1572.65,-0.18%
2020-01-31,1589.81,1574.18,1590.21,1570.84,1.01%
2020-02-03,1576.05,1590.20,1591.84,1571.29,-0.87%
2020-02-04,1552.26,1576.40,1579.57,1549.14,-1.51%
2020-02-05,1556.41,1552.56,1562.50,1547.40,0.27%
2020-02-06,1566.56,1556.95,1568.55,1552.46,0.65%
2020-02-07,1569.91,1566.86,1574.18,1562.39,0.21%
2020-02-10,1571.90,1570.29,1577.23,1568.01,0.13%
2020-02-11,1567.42,1572.09,1574.17,1562.29,-0.29%
2020-02-12,1565.33,1567.73,1570.59,1561.80,-0.13%
2020-02-13,1576.09,1565.62,1578.24,1565.53,0.69%
2020-02-14,1584.32,1576.30,1585.05,1573.12,0.52%
2020-02-17,1580.80,1584.70,1584.81,1578.60,-0.22%
2020-02-18,1601.67,1583.44,1605.45,1583.09,1.32%
2020-02-19,1611.34,1601.85,1613.04,1599.53,0.60%
2020-02-20,1619.41,1611.71,1623.79,1603.98,0.50%
2020-02-21,1643.32,1619.69,1649.15,1618.94,1.48%
2020-02-24,1660.42,1659.05,1689.11,1652.37,1.04%
2020-02-25,1635.08,1660.72,1660.86,1629.10,-1.53%
2020-02-26,1639.58,1635.37,1655.09,1625.79,0.27%
2020-02-27,1641.95,1640.55,1660.57,1635.65,0.14%
2020-02-28,1584.74,1642.15,1649.48,1565.86,-3.48%
2020-03-02,1590.43,1591.10,1611.03,1579.70,0.36%
2020-03-03,1639.47,1590.77,1649.55,1587.86,3.08%
2020-03-04,1635.45,1639.76,1651.65,1632.06,-0.25%
2020-03-05,1670.31,1635.91,1674.69,1635.07,2.13%
2020-03-06,1673.85,1670.58,1692.10,1648.12,0.21%
2020-03-09,1679.60,1694.40,1702.96,1657.74,0.34%
2020-03-10,1649.07,1679.10,1680.53,1642.15,-1.82%
2020-03-11,1634.53,1649.69,1671.13,1632.97,-0.88%
2020-03-12,1576.79,1634.80,1650.47,1561.01,-3.53%
2020-03-13,1529.31,1576.95,1597.72,1506.86,-3.01%
2020-03-16,1513.91,1550.55,1573.49,1451.50,-1.01%
2020-03-17,1528.28,1512.45,1553.26,1465.81,0.95%
2020-03-18,1486.00,1527.70,1546.22,1472.86,-2.77%
2020-03-19,1469.80,1485.90,1501.05,1464.18,-1.09%
2020-03-20,1497.64,1470.54,1516.25,1460.30,1.89%
2020-03-23,1553.06,1508.15,1561.48,1485.10,3.70%
2020-03-24,1610.03,1553.71,1638.72,1553.41,3.67%
2020-03-25,1613.29,1628.19,1643.05,1587.20,0.20%
2020-03-26,1628.97,1617.25,1647.28,1595.84,0.97%
2020-03-27,1617.50,1632.38,1637.86,1612.22,-0.70%
2020-03-30,1621.93,1622.00,1639.61,1608.72,0.27%
2020-03-31,1571.05,1618.49,1626.27,1566.23,-3.14%
2020-04-01,1590.59,1571.00,1603.41,1566.97,1.24%
2020-04-02,1612.41,1590.52,1621.15,1579.04,1.37%
2020-04-03,1616.45,1615.09,1626.07,1606.30,0.25%
2020-04-06,1661.70,1597.50,1669.97,1597.50,2.80%
2020-04-07,1648.47,1663.03,1673.55,1641.89,-0.80%
2020-04-08,1645.77,1647.59,1657.69,1641.94,-0.16%
2020-04-09,1683.82,1646.08,1691.17,1643.10,2.31%
2020-04-10,1688.90,1676.00,1697.50,1676.00,0.30%
2020-04-13,1714.07,1685.69,1723.88,1674.87,1.49%
2020-04-14,1727.70,1712.34,1747.85,1708.55,0.80%
2020-04-15,1715.71,1728.80,1732.27,1707.71,-0.69%
2020-04-16,1717.68,1716.46,1739.17,1707.88,0.11%
2020-04-17,1684.19,1715.99,1719.12,1679.37,-1.95%
2020-04-20,1692.92,1692.25,1703.46,1671.49,0.52%
2020-04-21,1685.72,1694.11,1698.60,1661.39,-0.43%
2020-04-22,1713.45,1687.10,1719.65,1680.09,1.64%
2020-04-23,1731.33,1713.56,1739.74,1706.26,1.04%
2020-04-24,1727.43,1731.57,1737.44,1710.21,-0.23%
2020-04-27,1714.20,1726.15,1727.93,1705.68,-0.77%
2020-04-28,1707.51,1715.31,1716.04,1691.63,-0.39%
2020-04-29,1711.25,1708.30,1717.76,1697.55,0.22%
2020-04-30,1680.09,1712.27,1723.17,1680.64,-1.82%
2020-05-01,1699.12,1685.95,1706.53,1670.06,1.13%
2020-05-04,1701.44,1699.00,1712.57,1691.84,0.14%
2020-05-05,1705.96,1700.82,1712.90,1691.45,0.27%
2020-05-06,1685.63,1707.51,1709.34,1682.28,-1.19%
2020-05-07,1717.69,1686.08,1723.06,1683.50,1.90%
2020-05-08,1700.65,1717.46,1723.91,1701.06,-0.99%
2020-05-11,1695.98,1702.65,1712.64,1691.59,-0.27%
2020-05-12,1702.14,1697.04,1711.79,1693.17,0.36%
2020-05-13,1715.29,1702.50,1719.02,1698.81,0.77%
2020-05-14,1729.27,1715.63,1737.41,1710.51,0.82%
2020-05-15,1741.00,1730.52,1752.13,1727.93,0.68%
2020-05-18,1732.07,1743.01,1765.94,1727.20,-0.51%
2020-05-19,1743.81,1732.31,1748.76,1725.66,0.68%
2020-05-20,1748.98,1745.92,1754.77,1741.89,0.30%
2020-05-21,1725.21,1749.52,1751.01,1717.10,-1.36%
2020-05-22,1734.07,1725.26,1740.07,1723.62,0.51%
2020-05-25,1729.19,1734.61,1736.01,1721.45,-0.28%
2020-05-26,1711.25,1728.82,1736.07,1708.30,-1.04%
2020-05-27,1708.87,1712.47,1716.37,1693.82,-0.14%
2020-05-28,1718.50,1709.04,1727.52,1707.11,0.56%
2020-05-29,1726.30,1721.70,1737.71,1712.53,0.45%
2020-06-01,1740.00,1738.05,1744.84,1727.26,0.79%
2020-06-02,1727.05,1740.34,1745.26,1721.40,-0.74%
2020-06-03,1697.51,1728.10,1733.80,1689.54,-1.71%
2020-06-04,1710.62,1699.89,1721.62,1696.90,0.77%
2020-06-05,1685.23,1711.81,1717.25,1670.74,-1.48%
2020-06-08,1694.60,1684.65,1700.90,1677.52,0.56%
2020-06-09,1714.32,1700.49,1721.04,1692.20,1.16%
2020-06-10,1736.24,1714.80,1740.06,1708.47,1.28%
2020-06-11,1727.15,1737.01,1744.92,1721.58,-0.52%
2020-06-12,1729.77,1728.34,1743.16,1722.57,0.15%
2020-06-15,1724.61,1732.32,1734.53,1704.31,-0.30%
2020-06-16,1726.96,1725.55,1733.12,1716.43,0.14%
2020-06-17,1726.29,1727.71,1730.41,1713.22,-0.04%
2020-06-18,1722.62,1726.30,1737.17,1717.57,-0.21%
2020-06-19,1742.84,1723.69,1745.36,1721.18,1.17%
2020-06-22,1754.46,1748.78,1763.42,1743.27,0.67%
2020-06-23,1766.51,1755.26,1771.25,1747.43,0.69%
2020-06-24,1761.43,1768.99,1779.61,1760.80,-0.29%
2020-06-25,1761.49,1760.32,1769.04,1755.49,0.00%
2020-06-26,1770.62,1761.82,1772.12,1747.67,0.52%
2020-06-29,1771.49,1773.74,1775.72,1765.78,0.05%
2020-06-30,1780.67,1771.90,1786.02,1765.35,0.52%
2020-07-01,1770.01,1781.60,1789.48,1759.27,-0.60%
2020-07-02,1775.14,1769.60,1779.83,1757.68,0.29%
2020-07-03,1774.79,1774.77,1777.43,1772.48,-0.02%
2020-07-06,1783.56,1776.31,1787.09,1770.13,0.49%
2020-07-07,1794.26,1783.91,1797.59,1773.79,0.60%
2020-07-08,1810.12,1795.27,1818.13,1791.62,0.88%
2020-07-09,1802.82,1811.30,1816.26,1795.82,-0.40%
2020-07-10,1798.31,1802.13,1810.76,1794.28,-0.25%
2020-07-13,1802.71,1799.01,1813.45,1798.01,0.24%
2020-07-14,1807.53,1803.19,1811.03,1791.46,0.27%
2020-07-15,1811.31,1807.80,1814.79,1802.72,0.21%
2020-07-16,1796.63,1811.90,1813.74,1795.02,-0.81%
2020-07-17,1808.90,1797.30,1812.03,1795.11,0.68%
2020-07-20,1815.40,1809.58,1820.73,1805.60,0.36%
2020-07-21,1841.58,1815.89,1843.89,1815.57,1.44%
2020-07-22,1871.75,1842.20,1872.64,1840.75,1.64%
2020-07-23,1886.86,1872.39,1898.40,1862.80,0.81%
2020-07-24,1900.97,1887.34,1906.54,1881.56,0.75%
2020-07-27,1941.88,1899.99,1945.71,1899.73,2.15%
2020-07-28,1958.93,1942.64,1981.22,1907.70,0.88%
2020-07-29,1970.37,1959.60,1980.80,1944.97,0.58%
2020-07-30,1959.50,1970.90,1971.87,1939.67,-0.55%
2020-07-31,1974.69,1960.51,1980.45,1955.40,0.78%
2020-08-03,1976.70,1980.98,1985.28,1960.40,0.10%
2020-08-04,2018.07,1976.99,2019.88,1968.50,2.09%
2020-08-05,2039.40,2018.98,2055.68,2009.77,1.06%
2020-08-06,2063.19,2040.40,2069.77,2034.71,1.17%
2020-08-07,2034.62,2065.11,2073.41,2015.55,-1.38%
2020-08-10,2027.26,2034.19,2050.01,2019.41,-0.36%
2020-08-11,1911.25,2027.34,2032.19,1901.69,-5.72%
2020-08-12,1917.82,1912.00,1949.45,1864.30,0.34%
2020-08-13,1953.03,1920.90,1966.43,1912.93,1.84%
2020-08-14,1943.76,1953.70,1962.84,1932.65,-0.48%
2020-08-17,1985.53,1947.04,1990.65,1929.74,2.15%
2020-08-18,2000.95,1985.89,2015.45,1977.84,0.78%
2020-08-19,1929.54,2001.19,2006.68,1924.82,-3.57%
2020-08-20,1942.60,1929.53,1955.44,1925.12,0.68%
2020-08-21,1939.40,1947.44,1956.08,1911.65,-0.16%
2020-08-24,1932.45,1939.24,1961.89,1924.01,-0.36%
2020-08-25,1927.94,1933.06,1937.69,1914.42,-0.23%
2020-08-26,1953.45,1929.07,1954.98,1902.77,1.32%
2020-08-27,1928.91,1953.31,1976.60,1910.22,-1.26%
2020-08-28,1964.49,1930.04,1973.91,1923.70,1.84%
2020-08-31,1969.75,1965.40,1976.47,1954.58,0.27%
2020-09-01,1970.14,1967.63,1992.38,1963.20,0.02%
2020-09-02,1942.62,1969.75,1974.45,1932.76,-1.40%
2020-09-03,1930.52,1943.06,1951.19,1921.99,-0.62%
2020-09-04,1932.45,1931.51,1942.25,1916.67,0.10%
2020-09-07,1928.82,1931.24,1941.44,1924.57,-0.19%
2020-09-08,1930.93,1930.05,1940.84,1906.67,0.11%
2020-09-09,1946.66,1932.26,1950.95,1920.20,0.81%
2020-09-10,1954.07,1946.06,1966.50,1941.42,0.38%
2020-09-11,1941.50,1955.20,1957.95,1937.42,-0.64%
2020-09-14,1956.37,1941.05,1962.52,1937.46,0.77%
2020-09-15,1955.52,1957.31,1972.35,1948.64,-0.04%
2020-09-16,1959.32,1956.19,1973.63,1949.89,0.19%
2020-09-17,1942.60,1959.99,1963.48,1932.99,-0.85%
2020-09-18,1949.69,1943.87,1960.20,1941.79,0.37%
2020-09-21,1912.57,1949.55,1955.75,1883.21,-1.90%
2020-09-22,1899.28,1912.80,1919.99,1894.93,-0.69%
2020-09-23,1863.55,1900.20,1905.56,1855.77,-1.88%
2020-09-24,1868.04,1863.42,1877.30,1848.45,0.24%
2020-09-25,1860.05,1868.61,1875.28,1852.59,-0.43%
2020-09-28,1880.85,1859.00,1883.39,1849.19,1.12%
2020-09-29,1897.69,1881.40,1899.24,1875.56,0.90%
2020-09-30,1885.44,1897.81,1902.39,1881.31,-0.65%
2020-10-01,1905.05,1885.80,1912.09,1884.48,1.04%
2020-10-02,1898.70,1905.65,1917.28,1889.57,-0.33%
2020-10-05,1912.90,1902.24,1918.74,1886.81,0.75%
2020-10-06,1877.13,1913.28,1921.10,1874.57,-1.87%
2020-10-07,1887.22,1878.84,1898.31,1873.05,0.54%
2020-10-08,1893.09,1887.40,1900.73,1881.86,0.31%
2020-10-09,1929.43,1894.19,1930.83,1893.32,1.92%
2020-10-12,1921.95,1930.50,1933.45,1918.19,-0.39%
2020-10-13,1890.82,1922.42,1925.73,1886.59,-1.62%
2020-10-14,1900.89,1891.90,1913.03,1882.44,0.53%
2020-10-15,1907.82,1900.31,1909.22,1889.46,0.36%
2020-10-16,1898.97,1907.95,1914.06,1897.59,-0.46%
2020-10-19,1904.27,1899.94,1918.59,1897.09,0.28%
2020-10-20,1906.39,1904.24,1914.20,1894.74,0.11%
2020-10-21,1924.49,1908.65,1931.41,1907.94,0.95%
2020-10-22,1904.04,1924.34,1926.00,1894.80,-1.06%
2020-10-23,1900.79,1904.24,1914.30,1894.54,-0.17%
2020-10-26,1901.69,1902.34,1908.55,1890.90,0.05%
2020-10-27,1906.83,1902.19,1911.34,1897.47,0.27%
2020-10-28,1877.06,1908.05,1911.03,1869.59,-1.56%
2020-10-29,1867.13,1876.94,1885.42,1859.67,-0.53%
2020-10-30,1877.95,1868.24,1889.85,1864.64,0.58%
2020-11-02,1895.10,1878.59,1896.12,1873.21,0.91%
2020-11-03,1908.36,1895.80,1910.71,1886.81,0.70%
2020-11-04,1903.21,1908.59,1916.68,1883.15,-0.27%
2020-11-05,1948.56,1903.65,1952.95,1902.43,2.38%
2020-11-06,1951.51,1949.24,1960.77,1935.40,0.15%
2020-11-09,1861.86,1954.65,1965.92,1850.36,-4.59%
2020-11-10,1876.50,1862.15,1890.60,1860.30,0.79%
2020-11-11,1864.71,1877.34,1884.93,1856.05,-0.63%
2020-11-12,1875.76,1865.30,1883.88,1862.46,0.59%
2020-11-13,1888.04,1876.44,1897.16,1873.76,0.65%
2020-11-16,1888.52,1888.74,1899.35,1864.74,0.03%
2020-11-17,1878.60,1889.15,1893.90,1877.69,-0.52%
2020-11-18,1871.41,1878.60,1884.92,1863.94,-0.38%
2020-11-19,1867.37,1871.44,1874.34,1852.48,-0.22%
2020-11-20,1870.49,1867.59,1879.98,1860.66,0.17%
2020-11-23,1835.85,1869.84,1876.72,1830.85,-1.85%
2020-11-24,1807.51,1836.65,1839.26,1800.69,-1.54%
2020-11-25,1805.30,1807.69,1817.98,1801.33,-0.12%
2020-11-26,1810.57,1805.74,1818.78,1805.31,0.29%
2020-11-27,1788.13,1811.09,1813.81,1773.93,-1.24%
2020-11-30,1777.02,1789.05,1789.99,1764.69,-0.62%
2020-12-01,1814.87,1777.40,1817.55,1775.52,2.13%
2020-12-02,1831.01,1815.19,1832.65,1806.99,0.89%
2020-12-03,1840.36,1831.34,1844.45,1823.60,0.51%
2020-12-04,1837.61,1841.05,1848.26,1829.30,-0.15%
2020-12-07,1863.69,1837.99,1868.76,1822.99,1.42%
2020-12-08,1871.36,1863.55,1875.79,1859.83,0.41%
2020-12-09,1839.11,1871.19,1871.37,1825.71,-1.72%
2020-12-10,1835.31,1839.59,1850.40,1828.48,-0.21%
2020-12-11,1839.03,1835.55,1847.89,1824.23,0.20%
2020-12-14,1827.17,1839.30,1839.86,1819.92,-0.64%
2020-12-15,1853.46,1827.80,1855.76,1825.29,1.44%
2020-12-16,1864.15,1853.94,1866.20,1844.75,0.58%
2020-12-17,1885.87,1864.26,1896.26,1861.83,1.17%
2020-12-18,1880.66,1885.80,1889.88,1876.97,-0.28%
2020-12-21,1876.21,1883.20,1906.93,1856.69,-0.24%
2020-12-22,1859.56,1876.65,1884.61,1858.73,-0.89%
2020-12-23,1872.08,1859.99,1878.59,1858.59,0.67%
2020-12-24,1876.56,1872.74,1882.55,1869.52,0.24%
2020-12-25,1875.82,1877.07,1877.07,1877.07,-0.04%
2020-12-28,1871.19,1885.93,1900.53,1869.21,-0.25%
2020-12-29,1877.99,1872.24,1886.91,1870.99,0.36%
2020-12-30,1893.37,1878.34,1894.06,1875.66,0.82%
2020-12-31,1896.49,1893.55,1901.26,1884.77,0.16%
2021-01-01,1898.10,1897.69,1899.12,1897.39,0.09%
2021-01-04,1942.28,1906.05,1944.65,1905.36,2.33%
2021-01-05,1949.35,1942.65,1953.17,1934.08,0.36%
2021-01-06,1918.81,1950.30,1959.60,1901.11,-1.57%
2021-01-07,1912.50,1919.40,1927.97,1906.86,-0.33%
2021-01-08,1848.26,1912.90,1917.85,1828.74,-3.36%
2021-01-11,1844.66,1849.34,1857.05,1817.14,-0.19%
2021-01-12,1855.63,1845.34,1864.08,1837.41,0.59%
2021-01-13,1843.41,1856.19,1863.26,1843.34,-0.66%
2021-01-14,1846.37,1843.94,1857.59,1833.21,0.16%
2021-01-15,1826.59,1846.80,1856.85,1823.21,-1.07%
2021-01-18,1836.89,1828.94,1840.95,1810.46,0.56%
2021-01-19,1839.34,1838.09,1845.98,1833.06,0.13%
2021-01-20,1870.91,1840.05,1872.03,1832.46,1.72%
2021-01-21,1869.91,1871.07,1875.45,1858.16,-0.05%
2021-01-22,1852.55,1870.09,1871.17,1837.09,-0.93%
2021-01-25,1854.99,1855.75,1868.45,1847.30,0.13%
2021-01-26,1850.31,1855.55,1861.86,1848.36,-0.25%
2021-01-27,1843.99,1850.65,1853.58,1831.29,-0.34%
2021-01-28,1840.36,1844.34,1864.26,1833.81,-0.20%
2021-01-29,1846.09,1840.90,1876.03,1839.56,0.31%
2021-02-01,1860.16,1863.05,1871.84,1849.04,0.76%
2021-02-02,1837.35,1860.84,1864.26,1829.46,-1.23%
2021-02-03,1833.76,1837.49,1845.29,1829.49,-0.20%
2021-02-04,1792.26,1834.34,1835.13,1785.15,-2.26%
2021-02-05,1811.62,1792.49,1815.32,1791.80,1.08%
2021-02-08,1830.16,1815.44,1839.15,1807.48,1.02%
2021-02-09,1837.06,1830.59,1849.15,1828.63,0.38%
2021-02-10,1842.22,1837.55,1855.70,1833.91,0.28%
2021-02-11,1825.36,1842.65,1847.95,1820.63,-0.91%
2021-02-12,1823.46,1825.90,1830.80,1810.33,-0.10%
2021-02-15,1818.51,1825.34,1827.59,1815.71,-0.27%
2021-02-16,1794.31,1819.34,1826.75,1789.19,-1.33%
2021-02-17,1776.26,1794.65,1795.45,1769.27,-1.01%
2021-02-18,1775.49,1776.69,1789.88,1767.98,-0.04%
2021-02-19,1782.31,1776.19,1791.70,1760.13,0.38%
2021-02-22,1808.66,1782.24,1812.76,1780.46,1.48%
2021-02-23,1805.06,1809.09,1816.27,1795.78,-0.20%
2021-02-24,1804.36,1805.34,1813.99,1783.30,-0.04%
2021-02-25,1769.88,1804.80,1806.06,1765.44,-1.91%
2021-02-26,1733.49,1770.49,1776.10,1717.26,-2.06%
2021-03-01,1723.84,1733.40,1760.02,1719.52,-0.56%
2021-03-02,1738.09,1724.10,1738.89,1707.18,0.83%
2021-03-03,1710.95,1738.59,1740.85,1701.94,-1.56%
2021-03-04,1697.19,1711.84,1723.34,1690.64,-0.80%
2021-03-05,1700.86,1698.59,1707.76,1687.12,0.22%
2021-03-08,1681.24,1702.80,1714.45,1676.70,-1.15%
2021-03-09,1715.36,1682.55,1720.83,1679.80,2.03%
2021-03-10,1726.05,1715.94,1726.76,1707.99,0.62%
2021-03-11,1721.41,1726.55,1739.99,1719.38,-0.27%
2021-03-12,1726.41,1721.59,1728.42,1698.85,0.29%
2021-03-15,1731.84,1727.74,1734.99,1721.31,0.31%
2021-03-16,1730.94,1730.57,1741.40,1725.80,-0.05%
2021-03-17,1744.44,1730.61,1751.81,1724.14,0.78%
2021-03-18,1736.41,1745.09,1755.59,1719.05,-0.46%
2021-03-19,1744.74,1735.90,1746.88,1728.04,0.48%
2021-03-22,1738.69,1745.74,1747.18,1727.40,-0.35%
2021-03-23,1726.94,1739.05,1742.85,1724.42,-0.68%
2021-03-24,1734.19,1727.80,1738.56,1723.85,0.42%
2021-03-25,1726.82,1735.65,1745.95,1721.84,-0.42%
2021-03-26,1731.97,1727.30,1737.01,1721.23,0.30%
2021-03-29,1711.99,1732.15,1733.34,1705.58,-1.15%
2021-03-30,1684.80,1712.55,1714.74,1678.85,-1.59%
2021-03-31,1707.01,1685.59,1715.28,1677.93,1.32%
2021-04-01,1730.18,1708.09,1730.80,1705.42,1.36%
2021-04-02,1728.84,1730.47,1732.55,1728.67,-0.08%
2021-04-05,1728.44,1728.74,1733.75,1721.22,-0.02%
2021-04-06,1743.57,1728.49,1745.68,1726.82,0.88%
2021-04-07,1737.28,1742.96,1744.57,1730.13,-0.36%
2021-04-08,1755.94,1737.84,1759.13,1732.99,1.07%
2021-04-09,1743.10,1756.54,1757.47,1731.09,-0.73%
2021-04-12,1732.51,1743.80,1745.36,1727.18,-0.61%
2021-04-13,1743.83,1732.59,1749.23,1723.27,0.65%
2021-04-14,1736.00,1744.30,1749.58,1732.13,-0.45%
2021-04-15,1763.21,1737.10,1769.91,1734.10,1.57%
2021-04-16,1776.31,1763.84,1784.07,1759.79,0.74%
2021-04-19,1769.31,1779.50,1790.54,1765.98,-0.39%
2021-04-20,1777.25,1770.30,1780.77,1763.18,0.45%
2021-04-21,1793.46,1778.64,1797.98,1775.95,0.91%
2021-04-22,1783.94,1794.15,1798.29,1776.83,-0.53%
2021-04-23,1777.18,1784.33,1796.06,1770.05,-0.38%
2021-04-26,1780.19,1776.34,1783.69,1768.70,0.17%
2021-04-27,1776.69,1780.42,1785.90,1773.52,-0.20%
2021-04-28,1781.32,1776.80,1782.85,1762.56,0.26%
2021-04-29,1771.24,1780.90,1790.43,1756.19,-0.57%
2021-04-30,1768.59,1772.90,1773.98,1763.73,-0.15%
2021-05-03,1792.36,1768.49,1798.22,1765.91,1.34%
2021-05-04,1778.48,1792.29,1799.38,1770.84,-0.77%
2021-05-05,1786.44,1778.91,1788.35,1769.95,0.45%
2021-05-06,1815.18,1787.09,1818.21,1781.67,1.61%
2021-05-07,1830.48,1815.48,1843.45,1812.90,0.84%
2021-05-10,1835.44,1833.24,1845.53,1830.09,0.27%
2021-05-11,1836.94,1834.58,1842.32,1817.68,0.08%
2021-05-12,1815.44,1837.40,1843.69,1813.00,-1.17%
2021-05-13,1826.57,1815.90,1828.81,1808.78,0.61%
2021-05-14,1842.19,1826.49,1845.55,1819.79,0.86%
2021-05-17,1866.13,1843.84,1868.80,1841.24,1.30%
2021-05-18,1868.22,1866.59,1875.40,1862.94,0.11%
2021-05-19,1869.57,1869.59,1890.15,1851.94,0.07%
2021-05-20,1876.69,1869.74,1884.12,1863.53,0.38%
2021-05-21,1880.30,1876.84,1889.85,1870.01,0.19%
2021-05-24,1881.07,1882.34,1887.44,1875.19,0.04%
2021-05-25,1899.26,1880.69,1900.63,1872.73,0.97%
2021-05-26,1896.44,1899.49,1913.15,1890.34,-0.15%
2021-05-27,1896.08,1896.49,1903.87,1888.22,-0.02%
2021-05-28,1902.64,1897.05,1905.90,1881.84,0.35%
2021-05-31,1906.36,1903.69,1911.13,1901.56,0.20%
2021-06-01,1900.19,1907.53,1916.84,1892.28,-0.32%
2021-06-02,1907.94,1900.05,1909.34,1894.05,0.41%
2021-06-03,1870.57,1908.09,1909.89,1865.11,-1.96%
2021-06-04,1889.97,1871.32,1896.60,1856.09,1.04%
2021-06-07,1899.00,1888.49,1900.41,1880.88,0.48%
2021-06-08,1892.82,1898.99,1903.95,1883.38,-0.33%
2021-06-09,1888.77,1893.49,1899.40,1886.58,-0.21%
2021-06-10,1897.51,1888.57,1900.09,1869.84,0.46%
2021-06-11,1876.64,1898.42,1903.30,1874.07,-1.10%
2021-06-14,1865.99,1874.59,1878.21,1844.57,-0.57%
2021-06-15,1858.69,1866.26,1869.67,1851.28,-0.39%
2021-06-16,1811.95,1858.96,1862.43,1804.19,-2.51%
2021-06-17,1773.31,1812.18,1825.58,1766.88,-2.13%
2021-06-18,1763.34,1772.73,1797.24,1761.04,-0.56%
2021-06-21,1782.95,1764.44,1786.75,1764.44,1.11%
2021-06-22,1778.52,1783.23,1790.42,1771.99,-0.25%
2021-06-23,1778.73,1778.80,1795.18,1773.13,0.01%
2021-06-24,1775.18,1779.01,1788.56,1772.67,-0.20%
2021-06-25,1780.34,1775.46,1790.60,1773.27,0.29%
2021-06-28,1778.18,1781.24,1785.90,1770.69,-0.12%
2021-06-29,1761.09,1778.44,1779.24,1750.11,-0.96%
2021-06-30,1769.80,1761.35,1774.72,1752.78,0.49%
2021-07-01,1776.62,1770.06,1783.07,1765.47,0.38%
2021-07-02,1786.79,1776.83,1795.40,1773.73,0.57%
2021-07-05,1791.61,1787.69,1795.69,1784.09,0.27%
2021-07-06,1796.69,1791.88,1815.34,1789.91,0.28%
2021-07-07,1803.41,1796.96,1810.13,1793.64,0.37%
2021-07-08,1802.56,1803.67,1818.70,1794.28,-0.05%
2021-07-09,1807.98,1802.89,1812.71,1796.09,0.30%
2021-07-12,1806.07,1807.94,1811.04,1791.21,-0.11%
2021-07-13,1807.69,1806.17,1817.51,1798.54,0.09%
2021-07-14,1827.06,1807.72,1830.32,1804.21,1.07%
2021-07-15,1829.19,1827.35,1833.99,1820.07,0.12%
2021-07-16,1810.89,1829.45,1832.20,1808.65,-1.00%
2021-07-19,1812.34,1811.65,1817.56,1794.66,0.08%
2021-07-20,1810.03,1812.61,1825.27,1805.06,-0.13%
2021-07-21,1803.31,1810.32,1814.02,1794.18,-0.37%
2021-07-22,1806.56,1803.58,1808.34,1792.11,0.18%
2021-07-23,1801.34,1806.95,1810.56,1790.45,-0.29%
2021-07-26,1797.27,1802.65,1811.97,1795.68,-0.23%
2021-07-27,1798.82,1797.53,1805.60,1792.83,0.09%
2021-07-28,1806.52,1799.00,1809.90,1792.60,0.43%
2021-07-29,1827.95,1807.15,1833.05,1806.29,1.19%
2021-07-30,1813.58,1828.21,1831.63,1809.48,-0.79%
2021-08-02,1812.84,1814.34,1819.94,1805.12,-0.04%
2021-08-03,1809.94,1813.64,1815.18,1806.73,-0.16%
2021-08-04,1811.33,1810.60,1832.10,1806.54,0.08%
2021-08-05,1804.07,1811.69,1815.45,1797.74,-0.40%
2021-08-06,1762.69,1804.28,1804.93,1758.33,-2.29%
2021-08-09,1729.46,1763.34,1764.65,1684.77,-1.89%
2021-08-10,1728.71,1729.74,1738.49,1717.17,-0.04%
2021-08-11,1751.56,1729.01,1754.63,1723.54,1.32%
2021-08-12,1752.75,1751.66,1758.62,1741.29,0.07%
2021-08-13,1779.15,1752.72,1780.53,1751.27,1.51%
2021-08-16,1786.57,1778.44,1789.51,1770.38,0.42%
2021-08-17,1785.96,1787.51,1795.77,1780.28,-0.03%
2021-08-18,1787.59,1786.21,1794.31,1777.31,0.09%
2021-08-19,1779.25,1788.05,1792.56,1774.20,-0.47%
2021-08-20,1780.87,1780.44,1788.85,1777.96,0.09%
2021-08-23,1805.20,1780.55,1806.92,1776.03,1.37%
2021-08-24,1802.61,1805.61,1810.03,1799.73,-0.14%
2021-08-25,1790.68,1802.86,1803.57,1782.45,-0.66%
2021-08-26,1792.18,1791.09,1798.61,1779.48,0.08%
2021-08-27,1816.67,1792.60,1819.38,1787.66,1.37%
2021-08-30,1810.02,1817.55,1823.38,1807.28,-0.37%
2021-08-31,1813.43,1810.26,1819.43,1801.47,0.19%
2021-09-01,1813.66,1813.57,1820.21,1808.18,0.01%
2021-09-02,1809.40,1813.92,1817.53,1804.48,-0.23%
2021-09-03,1826.19,1809.98,1834.55,1808.53,0.93%
2021-09-06,1823.10,1828.66,1830.60,1820.58,-0.17%
2021-09-07,1794.13,1823.27,1827.39,1792.33,-1.59%
2021-09-08,1788.93,1794.41,1802.60,1781.98,-0.29%
2021-09-09,1794.86,1790.56,1795.70,1786.71,0.33%
